FamilyName	StyleName	xHeight	CapHeight	Weight	Contrast	Lesser Thickness Slope	Superior Overshooting	Inferior Overshooting	Ascenders	Descenders	n Expansion	o Expansion	n/o Ratio	O Expansion	R Expansion	R/O Ratio	AltezzaMassimaH	PuntoMedioAstaOrizzontaleH	PuntoMedioAstaVerticaleT	AggettoSinistroT	AggettoDestroT	SimmetriaAggettiT	o Average Squaring	o Internal Squaring	o External Squaring	Bezier	Grazie	Spacing
Helvetica	Black	524	1.374	0.3969	0.67	0	0.0286	0.0286	1.4103	-0.1842	0.6908	0.7405	0.93	0.9905	0.8244	0.83	720	0.525	0.5	212	212	False	0.6203	0.625	0.6157	curve	Sans	Proportional
Helvetica	Bold	532	1.3496	0.2632	0.82	0	0.0263	0.0263	1.3665	-0.2077	0.641	0.7519	0.85	1.015	0.828	0.82	718	0.5348	0.5008	217	217	False	0.6188	0.6318	0.6057	curve	Sans	Proportional
Helvetica	Condensed	556	1.3489	0.1421	0.81	0	0.027	0.027	1.3489	-0.1826	0.4964	0.5683	0.87	0.7338	0.6485	0.88	750	0.5327	0.501	194	194	False	0.6869	0.7038	0.6701	curve	Sans	Proportional
Helvetica	Light	518	1.39	0.1158	0.84	6	0.027	0.027	1.4169	-0.2104	0.6776	0.8031	0.84	1.1641	0.8861	0.76	720	0.5306	0.5	228	228	False	0.616	0.6223	0.6098	curve	Sans	Proportional
Helvetica	Light Condensed	552	1.3587	0.1051	0.87	-13	0.0254	0.0254	1.3586	-0.1848	0.4638	0.5236	0.89	0.6812	0.5634	0.83	750	0.536	0.5011	170	170	False	0.6697	0.6678	0.6717	curve	Sans	Proportional
Helvetica	Roman	523	1.3728	0.1683	0.83	0	0.0287	0.0268	1.3919	-0.2122	0.6463	0.7553	0.86	1.1472	0.8977	0.78	718	0.5265	0.5	243	243	False	0.5888	0.5895	0.5882	curve	Sans	Proportional
Helvetica Neue	Bold	517	1.381	0.2747	0.75	0	0.0271	0.0271	1.381	-0.1896	0.6634	0.7602	0.87	1.0542	0.8453	0.8	714	0.5238	0.5	214	214	False	0.6197	0.6337	0.6056	curve	Sans	Proportional
Helvetica Neue	Bold Condensed	538	1.3271	0.2565	0.68	0	0.026	0.026	1.3531	-0.1766	0.5019	0.5316	0.94	0.6357	0.5799	0.91	714	0.5308	0.5	156	156	False	0.7247	0.7417	0.7076	curve	Sans	Proportional
Helvetica Neue	Bold Extended	536	1.3321	0.3284	0.68	0	0.0373	0.0373	1.3693	-0.2043	0.8302	0.9813	0.85	1.2724	1.0261	0.81	714	0.5294	0.5	265	265	False	0.6436	0.637	0.6501	curve	Sans	Proportional
Helvetica Neue	Black	519	1.3757	0.3815	0.73	0	0.025	0.025	1.3757	-0.1744	0.659	0.7091	0.93	0.9711	0.8324	0.86	714	0.5245	0.5	200	200	False	0.632	0.6552	0.6087	curve	Sans	Proportional
Helvetica Neue	Black Condensed	541	1.3198	0.3327	0.64	0	0.0259	0.0259	1.3456	-0.1756	0.4954	0.5176	0.96	0.5878	0.5564	0.95	714	0.5224	0.5	140	140	False	0.7609	0.81	0.7118	curve	Sans	Proportional
Helvetica Neue	Black Extended	547	1.3053	0.457	0.62	0	0.0402	0.0402	1.3619	-0.1993	0.8446	1.0018	0.84	1.2358	1.0402	0.84	714	0.5252	0.5	261	261	False	0.6832	0.6772	0.6891	curve	Sans	Proportional
Helvetica Neue	Condensed	536	1.3321	0.1567	0.75	-2	0.0261	0.0261	1.347	-0.1772	0.5019	0.556	0.9	0.6866	0.6045	0.88	714	0.5364	0.4989	179	180	False	0.6766	0.6852	0.668	curve	Sans	Proportional
Helvetica Neue	Extended	524	1.3626	0.1908	0.79	0	0.0344	0.0344	1.3969	-0.2099	0.8149	0.958	0.85	1.313	1.0134	0.77	714	0.535	0.5	270	270	False	0.6069	0.6085	0.6052	curve	Sans	Proportional
Helvetica Neue	Heavy	519	1.3757	0.3276	0.76	0	0.0289	0.0289	1.3757	-0.1821	0.6686	0.7264	0.92	0.9981	0.8247	0.83	714	0.5238	0.5	213	213	False	0.5942	0.61	0.5785	curve	Sans	Proportional
Helvetica Neue	Heavy Condensed	541	1.3198	0.2994	0.65	1	0.0259	0.0259	1.3456	-0.1756	0.4935	0.525	0.94	0.6063	0.5656	0.93	714	0.5266	0.5	150	150	False	0.7447	0.773	0.7163	curve	Sans	Proportional
Helvetica Neue	Heavy Extended	542	1.3173	0.3911	0.63	0	0.0406	0.0406	1.3726	-0.2011	0.8376	0.9889	0.85	1.2509	1.0415	0.83	714	0.5308	0.5	262	262	False	0.6455	0.641	0.65	curve	Sans	Proportional
Helvetica Neue	Light	516	1.3837	0.1221	0.84	0	0.0291	0.0291	1.3837	-0.1996	0.6899	0.8236	0.84	1.1725	0.9225	0.79	714	0.5252	0.5	249	249	False	0.5896	0.5843	0.5948	curve	Sans	Proportional
Helvetica Neue	Light Condensed	531	1.3446	0.113	0.78	0	0.0226	0.0226	1.3597	-0.177	0.5047	0.5687	0.89	0.7382	0.629	0.85	714	0.5364	0.5	184	184	False	0.6531	0.654	0.6521	curve	Sans	Proportional
Helvetica Neue	Light Extended	520	1.3731	0.1423	0.84	0	0.0308	0.0308	1.3846	-0.2096	0.85	0.9923	0.86	1.3385	1.0462	0.78	714	0.5294	0.5	280	280	False	0.6053	0.6088	0.6017	curve	Sans	Proportional
Helvetica Neue	Medium	517	1.381	0.2205	0.79	0	0.0271	0.0271	1.381	-0.1983	0.6576	0.7892	0.83	1.0812	0.8743	0.81	714	0.5266	0.5	226	227	False	0.6004	0.5921	0.6088	curve	Sans	Proportional
Helvetica Neue	Medium Condensed	538	1.3271	0.2007	0.74	0	0.026	0.026	1.342	-0.1766	0.5	0.5446	0.92	0.6654	0.5929	0.89	714	0.5322	0.5032	170	167	True	0.7081	0.7396	0.6766	curve	Sans	Proportional
Helvetica Neue	Medium Extended	530	1.3472	0.2604	0.74	0	0.0377	0.0377	1.3848	-0.2094	0.8226	0.966	0.85	1.2906	1.0189	0.79	714	0.5322	0.5	268	268	False	0.6192	0.6211	0.6174	curve	Sans	Proportional
Helvetica Neue	Roman	517	1.381	0.1644	0.83	0	0.0232	0.0232	1.3965	-0.2031	0.6634	0.7969	0.83	1.1393	0.8859	0.78	714	0.514	0.5009	238	238	False	0.602	0.5974	0.6067	curve	Sans	Proportional
Helvetica Neue	Thin	514	1.3891	0.0739	0.86	0	0.0233	0.0233	1.4046	-0.1907	0.7179	0.8444	0.85	1.2354	0.9339	0.76	714	0.5196	0.499	251	252	False	0.5889	0.5864	0.5913	curve	Sans	Proportional
Helvetica Neue	Thin Condensed	523	1.3652	0.0727	0.81	-2	0.0229	0.0229	1.3652	-0.1797	0.5105	0.5889	0.87	0.8011	0.6577	0.82	714	0.535	0.5	190	190	False	0.6841	0.6901	0.678	curve	Sans	Proportional
Helvetica Neue	Thin Extended	512	1.3945	0.0898	0.87	0	0.0313	0.0313	1.4062	-0.2129	0.8848	1.0391	0.85	1.3906	1.0938	0.79	714	0.5266	0.5	288	288	False	0.5834	0.5855	0.5813	curve	Sans	Proportional
Helvetica Neue	Ultra Light	514	1.3891	0.0389	0.94	-7	0.0233	0.0233	1.3891	-0.1839	0.7198	0.8619	0.84	1.2412	0.9533	0.77	714	0.521	0.5	257	257	False	0.5857	0.5853	0.5862	curve	Sans	Proportional
Helvetica Neue	Ultra Light Condensed	516	1.3837	0.0388	0.84	0	0.0233	0.0233	1.3837	-0.1822	0.5174	0.6066	0.85	0.8547	0.6841	0.8	714	0.5336	0.5	194	194	False	0.6692	0.6733	0.665	curve	Sans	Proportional
Helvetica Neue	Ultra Light Extended	512	1.3945	0.0391	0.96	0	0.0313	0.0313	1.4062	-0.2129	0.9043	1.0625	0.85	1.4063	1.1133	0.79	714	0.521	0.5	298	298	False	0.5957	0.5961	0.5953	curve	Sans	Proportional
Helvetica Neue	Extra Black Condensed	541	1.3198	0.3586	0.64	0	0.0259	0.0259	1.3456	-0.1756	0.5009	0.5176	0.97	0.5693	0.549	0.96	714	0.521	0.5	136	136	False	0.7613	0.8032	0.7195	curve	Sans	Proportional
Garamond Premier Pro	Bold	399	1.584	0.3083	0.24	-5	0.0251	0.0301	1.7568	-0.6241	0.6499	0.7907	0.82	1.3546	0.6606	0.49	632.5	0.4719	0.1105	6	375	False	0.6093	0.6227	0.5958	curve	Serif	Proportional
Garamond Premier Pro	Bold Caption	416	1.4495	0.0024	0.33	-6	0.0168	0.0288	1.5961	-0.5204	0.5757	0.7632	0.75	1.2356	0.64	0.52	601.5	0.5096	0.3056	9	452	False	0.592	0.5708	0.6133	curve	Serif	Proportional
Garamond Premier Pro	Bold Display	367	1.6948	0.0027	0.13	-4	0.0191	0.0327	1.8446	-0.7248	0.7573	0.7738	0.98	1.4305	0.6739	0.47	620.5	0.502	0.8258	259	0	True	0.6132	0.6184	0.6081	curve	Serif	Proportional
Garamond Premier Pro	Bold Subhead	399	1.589	0.3008	0.18	0	0.0251	0.0351	1.7593	-0.6253	0.2406	0.7669	0.31	1.3484	0.6646	0.49	633.5	0.5114	0.0934	4	164	False	0.5755	0.5589	0.5921	curve	Serif	Proportional
Garamond Premier Pro	Caption	409	1.5086	0.1956	0.41	-12	0.022	0.0293	1.6723	-0.5831	0.711	0.8215	0.87	1.3582	0.3612	0.27	614.5	0.5191	0.4179	85	167	False	0.6019	0.5879	0.616	curve	Serif	Proportional
Garamond Premier Pro	Display	363	1.7438	0.1736	0.21	-16	0.0193	0.0331	1.909	-0.7837	0.3824	0.8609	0.44	1.5482	0.8017	0.52	631.5	0.5004	0.319	13	104	False	0.5984	0.6001	0.5968	curve	Serif	Proportional
Garamond Premier Pro	Light Display	361	1.759	0.1385	0.25	-14	0.0222	0.0332	1.9335	-0.8019	0.4149	0.8892	0.47	1.5859	0.8019	0.51	619.5	0.4867	0.1567	3	380	False	0.5935	0.5967	0.5903	curve	Serif	Proportional
Garamond Premier Pro	Medium	397	1.6247	0.1965	0.31	-9	0.0202	0.0302	1.7934	-0.6574	0.4559	0.8312	0.55	1.4559	0.7267	0.5	643.5	0.5089	0.358	88	140	False	0.6128	0.6147	0.6109	curve	Serif	Proportional
Garamond Premier Pro	Medium Caption	409	1.5037	0.2152	0.39	-9	0.0244	0.0293	1.665	-0.5758	0.5672	0.8154	0.7	1.3435	0.5463	0.41	612.5	0.5192	0.5622	101	100	True	0.6009	0.5857	0.6162	curve	Serif	Proportional
Garamond Premier Pro	Medium Display	363	1.7383	0.1956	0.19	-8	0.022	0.0331	1.9008	-0.7741	0.5237	0.8457	0.62	1.5303	0.722	0.47	629.5	0.502	0.3071	136	330	False	0.5994	0.6024	0.5963	curve	Serif	Proportional
Garamond Premier Pro	Medium Subhead	396	1.6263	0.1944	0.26	-4	0.0227	0.0354	1.7979	-0.6578	0.5457	0.8169	0.67	1.4697	0.5635	0.38	643.5	0.5035	0.0799	7	98	False	0.6023	0.5977	0.6069	curve	Serif	Proportional
Garamond Premier Pro	Semibold	399	1.599	0.2657	0.26	-14	0.0201	0.0301	1.7669	-0.6366	0.4754	0.8045	0.59	1.391	0.5263	0.38	636.5	0.4705	0.502	127	136	False	0.61	0.6176	0.6025	curve	Serif	Proportional
Garamond Premier Pro	Semibold Caption	412	1.4733	0.0024	0.34	-5	0.0218	0.0291	1.6286	-0.5425	0.8434	0.7852	1.07	1.2791	0.6391	0.5	605.5	0.5656	0.245	6	137	False	0.5948	0.576	0.6135	curve	Serif	Proportional
Garamond Premier Pro	Semibold Display	365	1.7123	0.2548	0.14	-13	0.0219	0.0329	1.8684	-0.7438	0.3375	0.8014	0.42	1.4671	0.7212	0.49	623.5	0.502	0.0374	13	16	False	0.6074	0.6106	0.6042	curve	Serif	Proportional
Garamond Premier Pro	Semibold Subhead	399	1.5965	0.2632	0.2	-6	0.0201	0.0351	1.7669	-0.6341	0.1671	0.782	0.21	1.3872	0.8409	0.61	636.5	0.509	0.2898	140	181	False	0.5902	0.5808	0.5996	curve	Serif	Proportional
Garamond Premier Pro	Subhead	395	1.6354	0.1747	0.27	-8	0.0228	0.0354	1.8075	-0.6646	0.1776	0.8253	0.22	1.4924	0.5548	0.37	644	0.5031	0.3313	111	80	True	0.6054	0.6017	0.609	curve	Serif	Proportional
Garamond Premier Pro	Regular	396	1.6338	0.1768	0.33	-2	0.0202	0.0303	1.803	-0.6641	0.2736	0.8409	0.33	1.476	0.5784	0.39	645.5	0.4702	0.2941	6	82	False	0.6113	0.6079	0.6147	curve	Serif	Proportional
Frutiger	Black	521	1.3397	0.3455	0.68	0	0.023	0.023	1.4625	-0.2131	0.7198	0.8061	0.89	0.975	0.7121	0.73	698	0.5229	0.5	172	172	False	0.6098	0.6192	0.6003	curve	Sans	Proportional
Frutiger	Black Condensed	521	1.3397	0.3033	0.66	0	0.0154	0.0154	1.4625	-0.215	0.5528	0.6257	0.88	0.8157	0.5912	0.72	698	0.5086	0.5	152	152	False	0.6381	0.6573	0.6189	curve	Sans	Proportional
Frutiger	Bold	515	1.3553	0.2602	0.74	0	0.0233	0.0233	1.4796	-0.2155	0.6583	0.7748	0.85	1.0447	0.6544	0.63	698	0.5172	0.5	200	200	False	0.6043	0.6143	0.5944	curve	Sans	Proportional
Frutiger	Bold Condensed	515	1.3553	0.2408	0.69	0	0.0155	0.0155	1.4796	-0.2175	0.5495	0.6311	0.87	0.8233	0.5748	0.7	698	0.5172	0.501	156	155	True	0.6406	0.6484	0.6329	curve	Sans	Proportional
Frutiger	Condensed	510	1.3686	0.1647	0.77	0	0.0137	0.0137	1.4941	-0.2186	0.5412	0.6314	0.86	0.8314	0.5647	0.68	698	0.5186	0.5	160	160	False	0.6532	0.6718	0.6346	curve	Sans	Proportional
Frutiger	Extra Black Condensed	521	1.3397	0.3455	0.65	0	0.023	0.023	1.4625	-0.2198	0.5643	0.6334	0.89	0.8205	0.6065	0.74	698	0.5115	0.5	150	150	False	0.6547	0.6821	0.6273	curve	Sans	Proportional
Frutiger	Light	510	1.3686	0.1235	0.78	0	0.0235	0.0235	1.4941	-0.2176	0.6569	0.798	0.82	1.0686	0.6196	0.58	698	0.5143	0.501	206	206	False	0.6047	0.6024	0.6069	curve	Sans	Proportional
Frutiger	Light Condensed	510	1.3686	0.1137	0.87	0	0.0137	0.0137	1.4941	-0.2186	0.5275	0.6275	0.84	0.8353	0.551	0.66	698	0.5201	0.5	162	162	False	0.6164	0.5986	0.6343	curve	Sans	Proportional
Frutiger	Roman	510	1.3686	0.1843	0.76	0	0.0235	0.0235	1.4941	-0.2176	0.7	0.8216	0.85	1.1098	0.6647	0.6	698	0.5186	0.5	217	217	False	0.5781	0.5768	0.5795	curve	Sans	Proportional
Frutiger	Ultra Black	521	1.3397	0.4837	0.56	0	0.023	0.023	1.4625	-0.2131	0.6545	0.7274	0.9	0.9539	0.8464	0.89	698	0.5072	0.5	236	236	False	0.6869	0.7226	0.6513	curve	Sans	Proportional
Futura	Bold	513	1.4698	0.3548	0.82	0	0.0331	0.0331	1.6374	-0.2661	0.6998	0.8304	0.84	1.2281	0.692	0.56	754	0.5119	0.4991	162	162	False	0.5897	0.5933	0.5861	curve	Sans	Proportional
Futura	Book	470	1.6043	0.1702	0.92	-10	0.0277	0.0277	1.7829	-0.2947	0.6298	0.8809	0.71	1.4936	0.6404	0.43	754	0.5424	0.4979	182	184	False	0.5637	0.5708	0.5566	curve	Sans	Proportional
Futura	Medium Condensed	505	1.4931	0.1861	0.89	0	0.0158	0.0158	1.6594	-0.2129	0.4099	0.4396	0.93	0.5663	0.404	0.71	754	0.5524	0.5077	118	113	True	0.6702	0.6803	0.6601	curve	Sans	Proportional
Futura	Bold Condensed	505	1.4931	0.2792	0.89	0	0.0198	0.0198	1.6178	-0.2564	0.4238	0.4812	0.88	0.7347	0.5307	0.72	754	0.5159	0.4988	117	118	False	0.6129	0.587	0.6389	curve	Sans	Proportional
Futura	Extra Bold Condensed	528	1.428	0.3712	0.77	0	0.0208	0.0208	1.5303	-0.25	0.517	0.5682	0.91	0.697	0.5663	0.81	754	0.5239	0.4958	112	117	False	0.6294	0.6461	0.6126	curve	Sans	Proportional
Futura	Light Condensed	513	1.4698	0.1267	0.91	0	0.0156	0.0156	1.575	-0.1988	0.3899	0.4425	0.88	0.5809	0.4094	0.7	754	0.5584	0.5016	113	113	False	0.6253	0.6091	0.6416	curve	Sans	Proportional
Futura	Extra Bold	531	1.42	0.4859	0.81	0	0.0226	0.0226	1.5423	-0.2175	0.6497	0.742	0.88	1.0508	0.71	0.68	754	0.5053	0.5	151	151	False	0.5803	0.5699	0.5908	curve	Sans	Proportional
Futura	Heavy	491	1.5356	0.2851	0.87	0	0.0326	0.0326	1.7515	-0.2831	0.611	0.7617	0.8	1.2098	0.6191	0.51	754	0.5265	0.5	152	152	False	0.5716	0.554	0.5891	curve	Sans	Proportional
Futura	Light	462	1.632	0.0974	0.92	12	0.0216	0.0216	1.8138	-0.303	0.6299	0.9481	0.66	1.5887	0.6364	0.4	754	0.5458	0.5	195	195	False	0.5585	0.5589	0.558	curve	Sans	Proportional
Futura	Medium	468	1.6111	0.1923	0.95	0	0.0299	0.0342	1.8803	-0.3034	0.6603	0.8761	0.75	1.4872	0.6859	0.46	754	0.5385	0.5	179	179	False	0.5564	0.5496	0.5631	curve	Sans	Proportional
Times	Bold	461	1.4664	0.3015	0.21	0	0.026	0.0304	1.4989	-0.4219	0.6009	0.6594	0.91	1.1518	0.7581	0.66	676	0.517	0.5007	97	98	False	0.6612	0.7477	0.5747	curve	Serif	Proportional
Times	Extra Bold	488	1.459	0.373	0.19	0	0.0246	0.0246	1.4836	-0.3176	0.5799	0.6557	0.88	1.1352	0.7684	0.68	712	0.5169	0.5	216	216	False	0.6526	0.7364	0.5689	curve	Serif	Proportional
Times	Roman	450	1.4711	0.1867	0.29	-11	0.0222	0.0222	1.5177	-0.4633	0.5778	0.78	0.74	1.2	0.7544	0.63	662	0.5091	0.4992	94	96	False	0.5837	0.5905	0.5768	curve	Serif	Proportional
Times	Semibold	470	1.4468	0.2553	0.32	0	0.0255	0.0255	1.5063	-0.4319	0.6128	0.6936	0.88	1.1362	0.766	0.67	680	0.5088	0.4993	96	96	False	0.6456	0.7052	0.5859	curve	Serif	Proportional
Akzidenz Grotesk	Bold	522	1.3525	0.2931	0.78	0	0.0287	0.0307	1.3735	-0.183	0.5958	0.7768	0.77	1.0182	0.8209	0.81	706	0.5326	0.4982	184	183	True	0.6211	0.6148	0.6275	curve	Sans	Proportional
Akzidenz Grotesk	Bold Extended	530	1.3321	0.4472	0.57	2	0.0264	0.0264	1.332	-0.1925	0.9047	1.0189	0.89	1.2811	1.0302	0.8	706	0.5099	0.5006	251	250	True	0.623	0.6192	0.6267	curve	Sans	Proportional
Akzidenz Grotesk	Extended	488	1.4467	0.1926	0.8	-1	0.0246	0.0307	1.459	-0.209	0.9764	1.1096	0.88	1.5523	1.3115	0.84	706	0.5326	0.4972	288	289	False	0.6184	0.6268	0.6101	curve	Sans	Proportional
Akzidenz Grotesk	Light	477	1.4801	0.1258	0.71	-1	0.0252	0.0252	1.5094	-0.2767	0.6541	0.7757	0.84	1.1258	0.9497	0.84	706	0.5113	0.4991	222	223	False	0.6326	0.6247	0.6406	curve	Sans	Proportional
Akzidenz Grotesk	Light Extended	494	1.4291	0.1336	0.72	-1	0.0324	0.0283	1.4635	-0.2014	1.0142	1.1063	0.92	1.5354	1.3381	0.87	706	0.5305	0.508	317	303	True	0.6089	0.6047	0.6132	curve	Sans	Proportional
Akzidenz Grotesk	Light With Oldstyle Figures	477	1.4801	0.1258	0.71	-1	0.0252	0.0252	1.5094	-0.2767	0.6541	0.7757	0.84	1.1258	0.9497	0.84	706	0.5113	0.4991	222	223	False	0.6326	0.6247	0.6406	curve	Sans	Proportional
Akzidenz Grotesk	Medium	500	1.412	0.244	0.86	1	0.03	0.03	1.4139	-0.178	0.635	0.778	0.82	1.085	0.779	0.72	706	0.539	0.4982	192	195	False	0.613	0.6092	0.6168	curve	Sans	Proportional
Akzidenz Grotesk	Medium Extended	506	1.3953	0.3241	0.7	0	0.0455	0.0415	1.4209	-0.2036	0.9051	1.0336	0.88	1.3538	1.1196	0.83	706	0.522	0.4979	262	261	True	0.6257	0.6238	0.6276	curve	Sans	Proportional
Akzidenz Grotesk	Regular	471	1.4989	0.1614	0.73	5	0.0318	0.0318	1.4883	-0.2537	0.6614	0.7972	0.83	1.293	0.965	0.75	706	0.5163	0.4982	212	211	True	0.6159	0.5971	0.6346	curve	Sans	Proportional
Akzidenz Grotesk	Super	518	1.3629	0.3996	0.7	2	0.0425	0.0386	1.386	-0.194	0.6766	0.7674	0.88	1.0299	0.8195	0.8	706	0.5106	0.4983	180	179	True	0.625	0.6346	0.6153	curve	Sans	Proportional
Officina Sans	Bold	503	1.3777	0.2525	0.74	0	0.0159	0.0338	1.4393	-0.4185	0.5388	0.5944	0.91	0.7078	0.5586	0.79	685	0.5168	0.1903	17	135	False	0.6617	0.7081	0.6154	curve	Sans	Proportional
Officina Sans	Book	485	1.4247	0.1567	0.75	-5	0.0186	0.0289	1.4927	-0.4309	0.5629	0.6515	0.86	0.7464	0.5938	0.8	685	0.5197	0.5068	161	146	True	0.6464	0.6627	0.6302	curve	Sans	Proportional
Officina Serif	Bold	494	1.3866	0.2571	0.74	0	0.0344	0.0344	1.4655	-0.3947	0.5445	0.6053	0.9	0.7206	0.5688	0.79	685	0.5168	0.5058	166	166	False	0.6617	0.7081	0.6154	curve	Serif	Proportional
Officina Serif	Book	480	1.4271	0.1583	0.75	-5	0.0292	0.0292	1.5083	-0.4083	0.5667	0.6583	0.86	0.7542	0.6	0.8	685	0.5197	0.5031	174	174	False	0.6464	0.6627	0.6302	curve	Serif	Proportional
Gill Sans Display 	Bold Condensed	452	1.5088	0.2987	0.69	-1	0.0376	0.0354	1.5243	-0.2832	0.5929	0.6372	0.93	0.8031	0.6128	0.76	682	0.5088	0.5	149	149	False	0.5973	0.6077	0.5868	curve	Sans	Proportional
Gill Sans Display 	Bold	462	1.5	0.2922	0.63	2	0.013	0.013	1.5173	-0.2652	0.6558	0.7662	0.86	1.2294	0.711	0.58	693	0.5072	0.5	241	241	False	0.609	0.6234	0.5946	curve	Sans	Proportional
Gill Sans Display 	Extra Bold	537	1.2905	0.3985	0.82	0	0.0186	0.0186	1.3072	-0.2337	0.6443	0.7207	0.89	0.9013	0.7048	0.78	693	0.5087	0.5	200	200	False	0.569	0.5829	0.555	curve	Sans	Proportional
Gill Sans 	Bold	461	1.4794	0.3167	0.57	-1	0.0195	0.0195	1.4989	-0.2495	0.6909	0.7885	0.88	1.3156	0.7711	0.59	682	0.5015	0.5	247	246	True	0.5985	0.6154	0.5816	curve	Sans	Proportional
Gill Sans 	Bold Condensed	462	1.4784	0.3117	0.69	0	0.0195	0.026	1.4978	-0.2478	0.6039	0.645	0.94	0.8225	0.6234	0.76	683	0.5051	0.499	156	156	False	0.6275	0.6788	0.5762	curve	Sans	Proportional
Gill Sans 	Bold Extcond	613	1.2985	0.1517	0.85	-75	0.0098	0.0098	1.3083	-0.1003	0.2219	0.2251	0.99	0.2855	0.2659	0.93	796	0.4868	0.5	76	76	False	0.6053	0.6341	0.5764	curve	Sans	Proportional
Gill Sans 	Book	449	1.5189	0.1537	0.86	7	0.02	0.02	1.5389	-0.2561	0.6726	0.882	0.76	1.4454	0.716	0.5	682	0.5059	0.4992	246	246	False	0.5585	0.5646	0.5525	curve	Sans	Proportional
Gill Sans 	Condensed	443	1.5079	0.1761	0.92	-49	0.0271	0.0271	1.5282	-0.2833	0.4086	0.447	0.91	0.605	0.3657	0.6	668	0.5	0.4984	103	103	False	0.6369	0.6549	0.6188	curve	Sans	Proportional
Gill Sans 	Extrabold	528	1.2917	0.3939	0.82	0	0.017	0.017	1.3087	-0.2244	0.6648	0.7841	0.85	0.9527	0.7945	0.83	682	0.5073	0.5	213	213	False	0.5936	0.5902	0.5969	curve	Sans	Proportional
Gill Sans 	Heavy	497	1.3622	0.3541	0.71	0	0.0181	0.0181	1.3802	-0.2364	0.7143	0.7746	0.92	1.1268	0.7646	0.68	677	0.5111	0.5	248	248	False	0.6226	0.6304	0.6149	curve	Sans	Proportional
Gill Sans 	Light	449	1.5189	0.1069	0.84	0	0.02	0.02	1.5389	-0.2661	0.706	0.9031	0.78	1.4777	0.7673	0.52	682	0.5066	0.5009	256	255	True	0.5729	0.5706	0.5752	curve	Sans	Proportional
Gill Sans 	Medium	449	1.5189	0.1982	0.87	-8	0.02	0.02	1.5389	-0.2661	0.6403	0.8664	0.74	1.4087	0.6604	0.47	682	0.5015	0.4967	234	238	False	0.5839	0.5893	0.5785	curve	Sans	Proportional
Gill Sans 	Ultrabold	588	1.267	0.5136	0.9	0	0.0204	0.0153	1.2874	-0.1446	0.6862	0.6599	1.04	0.7755	0.7279	0.94	745	0.5027	0.5	166	166	False	0.5938	0.5955	0.592	curve	Sans	Proportional
Gill Sans 	Ultrabold Cond	588	1.267	0.3503	0.75	89	0.0204	0.0153	1.2874	-0.1446	0.4677	0.4524	1.03	0.5289	0.4949	0.94	745	0.5027	0.5011	113	113	False	0.5921	0.5843	0.5999	curve	Sans	Proportional
Univers	Black	502	1.4382	0.3745	0.54	5	0.0339	0.0239	1.4442	-0.1992	0.6942	0.7759	0.89	1.0767	0.8137	0.76	722	0.5069	0.4963	220	225	False	0.6499	0.6505	0.6493	curve	Sans	Proportional
Univers	Black Extended	502	1.4382	0.3825	0.54	0	0.0378	0.0378	1.4501	-0.2102	0.9183	1.0438	0.88	1.2789	1.004	0.79	722	0.5	0.5	278	278	False	0.6061	0.6031	0.6091	curve	Sans	Proportional
Univers	Bold	505	1.4317	0.2931	0.65	0	0.0238	0.0356	1.4554	-0.199	0.6436	0.7356	0.87	1.0515	0.795	0.76	723	0.5194	0.5025	215	215	False	0.6359	0.6609	0.6108	curve	Sans	Proportional
Univers	Bold Condensed	505	1.4297	0.2792	0.64	0	0.0198	0.0198	1.4396	-0.2248	0.4891	0.5366	0.91	0.6832	0.5861	0.86	722	0.5229	0.499	168	168	False	0.7655	0.8028	0.7282	curve	Sans	Proportional
Univers	Bold Extended	502	1.4382	0.3028	0.61	0	0.0378	0.0378	1.4501	-0.2102	0.8725	0.988	0.88	1.3426	1.0876	0.81	722	0.5111	0.5	275	275	False	0.6337	0.6218	0.6455	curve	Sans	Proportional
Univers	Condensed	505	1.4297	0.1624	0.77	0	0.0198	0.0198	1.4356	-0.199	0.5426	0.5901	0.92	0.7129	0.6515	0.91	722	0.5125	0.5	190	190	False	0.7306	0.7383	0.7229	curve	Sans	Proportional
Univers	Extended	502	1.4382	0.1952	0.65	0	0.0378	0.0378	1.4501	-0.2102	0.9124	1.0438	0.87	1.3984	1.0378	0.74	722	0.5222	0.5	306	306	False	0.625	0.6084	0.6416	curve	Sans	Proportional
Univers	Light	502	1.4382	0.1195	0.84	0	0.0299	0.0299	1.4621	-0.2062	0.6693	0.8028	0.83	1.1434	0.8217	0.72	722	0.5194	0.5618	298	230	True	0.5842	0.5784	0.59	curve	Sans	Proportional
Univers	Extra Black	502	1.4382	0.4821	0.54	0	0.0299	0.0299	1.4501	-0.2062	0.6653	0.7251	0.92	0.8964	0.7888	0.88	722	0.5152	0.5	178	178	False	0.6789	0.7267	0.6311	curve	Sans	Proportional
Univers	Extra Black Extended	502	1.4382	0.5857	0.42	0	0.0378	0.0378	1.476	-0.2102	0.9363	0.9841	0.95	1.3068	1.0598	0.81	722	0.5083	0.5	237	237	False	0.6629	0.6448	0.681	curve	Sans	Proportional
Univers	Roman	502	1.4382	0.1873	0.69	0	0.0259	0.0339	1.4621	-0.2112	0.6813	0.8008	0.85	1.1046	0.8028	0.73	722	0.5111	0.5115	242	242	False	0.6118	0.611	0.6126	curve	Sans	Proportional
Optima	Black	492	1.4106	0.313	0.29	0	0.0203	0.0264	1.5203	-0.5193	0.4794	0.7398	0.65	1.2093	0.6833	0.57	694	0.5382	0.3767	186	319	False	0.6337	0.6466	0.6207	curve	Sans	Proportional
Optima	Bold	479	1.4301	0.2797	0.3	1	0.0271	0.0376	1.5761	-0.5543	0.1475	0.714	0.21	1.2505	0.6322	0.51	685	0.5964	0.5054	186	177	True	0.63	0.6548	0.6053	curve	Sans	Proportional
Optima	Demi	480	1.4292	0.2313	0.32	0	0.0146	0.025	1.5562	-0.5354	0.387	0.7854	0.49	1.2688	0.5667	0.45	686	0.5379	0.2556	1	66	False	0.626	0.6342	0.6179	curve	Sans	Proportional
Optima	Extra Black	524	1.3664	0.3969	0.29	1	0.0076	0.0076	1.4752	-0.4971	0.4675	0.6908	0.68	1.0973	0.1834	0.17	716	0.5328	0.3184	189	410	False	0.6774	0.7433	0.6115	curve	Sans	Proportional
Optima	Medium	483	1.4224	0.1884	0.39	1	0.0083	0.0393	1.5217	-0.5466	0.0997	0.8571	0.12	1.3416	0.4323	0.32	687	0.5306	0.4949	2	2	False	0.6042	0.6024	0.606	curve	Sans	Proportional
Optima	Roman	473	1.4482	0.1564	0.36	0	0.0211	0.0317	1.5961	-0.5613	0.4144	0.8414	0.49	1.3763	0.7252	0.53	685	0.5044	0.5	217	214	True	0.6214	0.6387	0.6041	curve	Sans	Proportional
Franklin Gothic	Book Condensed	493	1.3529	0.1481	0.75	1	0.0284	0.0284	1.3813	-0.1795	0.5172	0.6024	0.86	0.7911	0.6329	0.8	667	0.5255	0.4986	159	160	False	0.6192	0.613	0.6255	curve	Sans	Proportional
Franklin Gothic	Book Compressed	493	1.3529	0.14	0.77	0	0.0243	0.0243	1.3772	-0.1785	0.428	0.503	0.85	0.64	0.5243	0.82	667	0.527	0.5	129	129	False	0.6577	0.6805	0.6349	curve	Sans	Proportional
Franklin Gothic	Book Extra Compressed	493	1.3529	0.1298	0.72	0	0.0142	0.0142	1.3732	-0.1856	0.3195	0.3428	0.93	0.43	0.356	0.83	667	0.5285	0.4977	84	85	False	0.6818	0.6305	0.7331	curve	Sans	Proportional
Franklin Gothic	Book	508	1.3504	0.1535	0.73	0	0.0256	0.0197	1.372	-0.1732	0.6378	0.7264	0.88	0.9331	0.7874	0.84	686	0.5299	0.5	195	195	False	0.6179	0.6427	0.593	curve	Sans	Proportional
Franklin Gothic	Demi	508	1.3504	0.2894	0.61	-1	0.0197	0.0197	1.372	-0.1781	0.5768	0.6457	0.89	0.8228	0.7657	0.93	686	0.5109	0.4944	174	172	True	0.6343	0.6703	0.5983	curve	Sans	Proportional
Franklin Gothic	Demi Compressed	493	1.3529	0.2596	0.68	0	0.0203	0.0203	1.4056	-0.1755	0.4219	0.4422	0.95	0.5517	0.501	0.91	667	0.518	0.4958	109	112	False	0.6718	0.7122	0.6314	curve	Sans	Proportional
Franklin Gothic	Demi Extra Compressed	493	1.3529	0.1805	0.69	1	0.0142	0.0142	1.3773	-0.1846	0.2809	0.3144	0.89	0.3976	0.3377	0.85	667	0.5112	0.5	74	73	True	0.692	0.6444	0.7396	curve	Sans	Proportional
Franklin Gothic	Heavy	511	1.3425	0.3875	0.57	0	0.0196	0.0196	1.362	-0.1673	0.589	0.6849	0.86	0.8434	0.771	0.91	686	0.5102	0.5	144	141	True	0.6401	0.6986	0.5815	curve	Sans	Proportional
Franklin Gothic	Medium Condensed	493	1.3529	0.2069	0.71	1	0.0243	0.0243	1.3914	-0.1785	0.4888	0.568	0.86	0.7363	0.6176	0.84	667	0.515	0.496	147	149	False	0.6667	0.69	0.6435	curve	Sans	Proportional
Franklin Gothic	Medium	493	1.3529	0.2252	0.77	-10	0.0203	0.0203	1.3732	-0.1795	0.6004	0.6917	0.87	0.8864	0.8124	0.92	667	0.5105	0.5	177	177	False	0.6021	0.6153	0.5889	curve	Sans	Proportional
The Mix	Extralight	497	1.3581	0.1066	0.75	-5	0.0161	0.0161	1.4768	-0.2586	0.6579	0.7827	0.84	1.1026	0.6097	0.55	675	0.52	0.5	214	214	False	0.618	0.6211	0.6149	curve	Sans	Proportional
The Mix	Light	497	1.3581	0.1268	0.75	-6	0.0161	0.0161	1.4788	-0.2575	0.6519	0.7736	0.84	1.0885	0.6107	0.56	675	0.5193	0.5	209	209	False	0.6186	0.6219	0.6153	curve	Sans	Proportional
The Mix	Semilight	497	1.3581	0.1489	0.77	-6	0.0181	0.0181	1.4788	-0.2565	0.6449	0.7626	0.85	1.0724	0.6107	0.57	675	0.5185	0.499	202	203	False	0.6198	0.6246	0.6149	curve	Sans	Proportional
The Mix	Regular	497	1.3581	0.1811	0.78	-6	0.0181	0.0181	1.4808	-0.2545	0.6358	0.7485	0.85	1.0523	0.6117	0.58	675	0.5185	0.5	194	195	False	0.6219	0.6276	0.6161	curve	Sans	Proportional
The Mix	Semibold	497	1.3581	0.2153	0.79	-7	0.0201	0.0201	1.4829	-0.2525	0.6258	0.7334	0.85	1.0302	0.6147	0.6	675	0.5178	0.499	185	186	False	0.6236	0.631	0.6162	curve	Sans	Proportional
The Mix	Bold	497	1.3581	0.2575	0.8	-8	0.0201	0.0201	1.4849	-0.2495	0.6117	0.7123	0.86	1.002	0.6157	0.61	675	0.517	0.5	175	175	False	0.6284	0.6376	0.6192	curve	Sans	Proportional
The Mix	Extrabold	497	1.3581	0.3078	0.81	-9	0.0221	0.0221	1.4869	-0.2465	0.5976	0.6901	0.87	0.9678	0.6167	0.64	675	0.5163	0.5	162	162	False	0.6333	0.6468	0.6197	curve	Sans	Proportional
The Mix	Black	497	1.3581	0.3662	0.81	-4	0.0241	0.0241	1.4909	-0.2435	0.5795	0.662	0.88	0.9276	0.6197	0.67	675	0.5148	0.5	146	146	False	0.6426	0.6642	0.6211	curve	Sans	Proportional
The Mix Mono	Extralight	497	1.3581	0.1066	0.75	-24	0.0161	0.0161	1.4768	-0.2586	0.6479	0.831	0.78	0.9416	0.67	0.71	675	0.52	0.5	214	214	False	0.6082	0.6128	0.6037	curve	Serif	Mono
The Mix Mono	Light	497	1.3581	0.1268	0.76	-21	0.0181	0.0181	1.4788	-0.2575	0.6439	0.8179	0.79	0.9296	0.667	0.72	675	0.5193	0.5	211	211	False	0.6085	0.6133	0.6037	curve	Serif	Mono
The Mix Mono	Semilight	497	1.3581	0.1509	0.77	-6	0.0181	0.0181	1.4788	-0.2565	0.6368	0.8028	0.79	0.9145	0.661	0.72	675	0.5185	0.5	208	208	False	0.611	0.6165	0.6055	curve	Serif	Mono
The Mix Mono	Regular	497	1.3581	0.1811	0.78	-6	0.0201	0.0201	1.4808	-0.2545	0.6288	0.7837	0.8	0.8974	0.6559	0.73	675	0.5185	0.5	203	203	False	0.6123	0.6172	0.6074	curve	Serif	Mono
The Mix Mono	Semibold	497	1.3581	0.2153	0.79	-6	0.0221	0.0221	1.4829	-0.2525	0.6197	0.7616	0.81	0.8753	0.6489	0.74	675	0.5178	0.5008	198	198	False	0.6147	0.621	0.6084	curve	Serif	Mono
The Mix Mono	Bold	497	1.3581	0.2575	0.8	-8	0.0241	0.0241	1.4849	-0.2495	0.6087	0.7334	0.83	0.8501	0.6408	0.75	675	0.517	0.5008	192	192	False	0.6196	0.6276	0.6116	curve	Serif	Mono
The Mix Mono	Extrabold	497	1.3581	0.3078	0.81	-9	0.0262	0.0262	1.4869	-0.2465	0.5956	0.7022	0.85	0.8189	0.6308	0.77	675	0.5163	0.5017	185	184	True	0.6253	0.6358	0.6147	curve	Serif	Mono
The Mix Mono	Black	497	1.3581	0.3682	0.81	-4	0.0302	0.0302	1.4909	-0.2435	0.5795	0.662	0.88	0.7827	0.6197	0.79	675	0.5148	0.5017	176	176	False	0.636	0.6546	0.6174	curve	Sans	Mono
The Sans	Extralight	497	1.3581	0.1066	0.75	-5	0.0161	0.0161	1.4768	-0.2586	0.6579	0.7827	0.84	1.1026	0.6097	0.55	675	0.52	0.5	214	214	False	0.618	0.6211	0.6149	curve	Sans	Proportional
The Sans	Light	497	1.3581	0.1268	0.75	-6	0.0161	0.0161	1.4788	-0.2575	0.6519	0.7736	0.84	1.0885	0.6107	0.56	675	0.5193	0.5	209	209	False	0.6186	0.6219	0.6153	curve	Sans	Proportional
The Sans	Semilight	497	1.3581	0.1509	0.77	-6	0.0181	0.0181	1.4788	-0.2565	0.6439	0.7626	0.84	1.0724	0.6107	0.57	675	0.5185	0.499	202	203	False	0.6198	0.6246	0.6149	curve	Sans	Proportional
The Sans	Regular	497	1.3581	0.1811	0.78	-6	0.0181	0.0181	1.4808	-0.2545	0.6358	0.7485	0.85	1.0523	0.6117	0.58	675	0.5185	0.5	194	195	False	0.6219	0.6276	0.6161	curve	Sans	Proportional
The Sans	Semibold	497	1.3581	0.2153	0.79	-7	0.0201	0.0201	1.4829	-0.2525	0.6247	0.7334	0.85	1.0302	0.6147	0.6	675	0.5178	0.499	185	186	False	0.6236	0.631	0.6162	curve	Sans	Proportional
The Sans	Bold	497	1.3581	0.2575	0.8	-8	0.0201	0.0201	1.4849	-0.2495	0.6127	0.7123	0.86	1.002	0.6157	0.61	675	0.517	0.5	175	175	False	0.6284	0.6376	0.6192	curve	Sans	Proportional
The Sans	Extrabold	497	1.3581	0.3058	0.81	-9	0.0221	0.0221	1.4869	-0.2465	0.5976	0.6901	0.87	0.9678	0.6167	0.64	675	0.5163	0.5	162	162	False	0.6333	0.6468	0.6197	curve	Sans	Proportional
The Sans	Black	497	1.3581	0.3662	0.81	-4	0.0241	0.0241	1.4909	-0.2435	0.5795	0.662	0.88	0.9276	0.6197	0.67	675	0.5148	0.5	146	146	False	0.6426	0.6642	0.6211	curve	Sans	Proportional
The Sans Mono	Extralight	497	1.3581	0.1066	0.75	-24	0.0161	0.0161	1.4768	-0.2586	0.6579	0.831	0.79	0.9416	0.67	0.71	675	0.52	0.5	214	214	False	0.6082	0.6128	0.6037	curve	Serif	Mono
The Sans Mono	Light	497	1.3581	0.1268	0.75	-10	0.0161	0.0161	1.4788	-0.2575	0.6519	0.8179	0.8	0.9296	0.667	0.72	675	0.5193	0.5	211	211	False	0.6091	0.6133	0.6049	curve	Serif	Mono
The Sans Mono	Semilight	497	1.3581	0.1509	0.77	-6	0.0181	0.0181	1.4788	-0.2565	0.6459	0.8028	0.8	0.9145	0.661	0.72	675	0.5185	0.5	208	208	False	0.6114	0.6173	0.6055	curve	Serif	Mono
The Sans Mono	Regular	497	1.3581	0.1811	0.78	-6	0.0181	0.0181	1.4808	-0.2545	0.6358	0.7837	0.81	0.8974	0.6559	0.73	675	0.5185	0.5008	204	203	True	0.6138	0.619	0.6086	curve	Serif	Mono
The Sans Mono	Semibold	497	1.3581	0.2153	0.79	-6	0.0201	0.0201	1.4829	-0.2525	0.6258	0.7616	0.82	0.8753	0.6499	0.74	675	0.5178	0.5008	198	198	False	0.6168	0.6239	0.6096	curve	Serif	Mono
The Sans Mono	Bold	497	1.3581	0.2575	0.8	-8	0.0201	0.0201	1.4849	-0.2495	0.6137	0.7334	0.84	0.8501	0.6408	0.75	675	0.517	0.5017	193	192	True	0.6225	0.631	0.6141	curve	Serif	Mono
The Sans Mono	Extrabold	497	1.3581	0.3078	0.81	-9	0.0262	0.0262	1.4869	-0.2475	0.5976	0.7022	0.85	0.8189	0.6308	0.77	675	0.5163	0.5017	185	184	True	0.6259	0.637	0.6147	curve	Serif	Mono
The Sans Mono	Black	497	1.3581	0.3682	0.81	-4	0.0302	0.0302	1.4909	-0.2445	0.5795	0.662	0.88	0.7827	0.6197	0.79	675	0.5148	0.5017	176	176	False	0.636	0.6546	0.6174	curve	Sans	Mono
The Serif	Extralight	497	1.3581	0.1066	0.75	-5	0.0161	0.0161	1.4768	-0.4799	0.6579	0.7827	0.84	1.1026	0.6097	0.55	675	0.52	0.5	221	221	False	0.618	0.6211	0.6149	curve	Serif	Proportional
The Serif	Light	497	1.3581	0.1268	0.75	-6	0.0161	0.0161	1.4788	-0.4698	0.6519	0.7736	0.84	1.0885	0.6097	0.56	675	0.5193	0.4991	219	220	False	0.6186	0.6219	0.6153	curve	Serif	Proportional
The Serif	Semilight	497	1.3581	0.1489	0.77	-6	0.0181	0.0181	1.4788	-0.4577	0.6439	0.7626	0.84	1.0724	0.6117	0.57	675	0.5185	0.5	218	218	False	0.6198	0.6246	0.6149	curve	Serif	Proportional
The Serif	Regular	497	1.3581	0.1791	0.78	-6	0.0181	0.0181	1.4808	-0.4427	0.6358	0.7485	0.85	1.0523	0.6127	0.58	675	0.5185	0.5	216	216	False	0.6219	0.6276	0.6161	curve	Serif	Proportional
The Serif	Semibold	497	1.3581	0.2133	0.79	-7	0.0201	0.0201	1.4829	-0.4245	0.6247	0.7334	0.85	1.0302	0.6137	0.6	675	0.5178	0.5	214	214	False	0.6236	0.631	0.6162	curve	Serif	Proportional
The Serif	Bold	497	1.3581	0.2575	0.8	-8	0.0201	0.0201	1.4849	-0.4034	0.827	0.7123	1.16	1.002	0.6147	0.61	675	0.517	0.4991	211	212	False	0.6284	0.6376	0.6192	curve	Serif	Proportional
The Serif	Extrabold	497	1.3581	0.3058	0.81	-9	0.0221	0.0221	1.4869	-0.3783	0.838	0.6901	1.21	0.9678	0.6177	0.64	675	0.5163	0.5	208	208	False	0.6333	0.6468	0.6197	curve	Serif	Proportional
The Serif	Black	497	1.3581	0.3662	0.81	-4	0.0241	0.0241	1.4909	-0.3481	0.8501	0.662	1.28	0.9276	0.6197	0.67	675	0.5148	0.5	204	204	False	0.6426	0.6642	0.6211	curve	Sans	Proportional
Walbaum	Medium	367	1.6131	0.2888	0.17	0	0.0272	0.0245	1.6621	-0.6131	0.7003	0.7984	0.88	1.2834	0.7861	0.61	592	0.5152	0.4992	218	218	False	0.6372	0.6986	0.5759	curve	Serif	Proportional
Walbaum	Regular	358	1.662	0.1704	0.27	6	0.0223	0.0363	1.6815	-0.6732	0.7668	0.8017	0.96	1.3184	0.9056	0.69	597.5	0.5105	0.4176	142	121	True	0.5751	0.5821	0.5681	curve	Serif	Proportional
Meta	Black	534	1.3052	0.3258	0.64	-6	-0.0094	0.0243	1.3951	-0.383	0.5131	0.5562	0.92	0.7978	0.603	0.76	697	0.5265	0.1873	5	181	False	0.689	0.7624	0.6156	curve	Sans	Proportional
Meta	Bold	527	1.3188	0.26	0.65	2	-0.0095	0.0209	1.4061	-0.3852	0.5142	0.5987	0.86	0.8378	0.6091	0.73	695	0.5288	0.511	170	64	True	0.6546	0.65	0.6593	curve	Sans	Proportional
Meta	Medium	515	1.3437	0.2175	0.67	1	0.0058	0.0252	1.4272	-0.3913	0.5388	0.632	0.85	0.8709	0.6204	0.71	692	0.5303	0.5217	175	174	False	0.6533	0.6933	0.6133	curve	Sans	Proportional
Meta	Normal	498	1.3775	0.1586	0.72	1	0.0301	0.0261	1.4538	-0.4026	0.5793	0.6867	0.84	0.9227	0.6355	0.69	686	0.5328	0.4558	184	74	True	0.6448	0.6491	0.6405	curve	Sans	Proportional
Din 1451	Mittelschrift	507	1.4043	0.2012	0.98	86	0.0118	0.0118	1.4043	-0.2081	0.5976	0.6233	0.96	0.789	0.7673	0.97	712	0.5042	0.5	195	195	False	0.7069	0.7056	0.7083	curve	Sans	Proportional
Din 30640	Neuzeit Grotesk Bold Cond	538	1.368	0.1803	0.8	0	0.0167	0.0167	1.3847	-0.1859	0.3792	0.4349	0.87	0.5242	0.4656	0.89	736	0.5306	0.5	130	130	False	0.6642	0.6733	0.655	curve	Sans	Proportional
Din 30640	Neuzeit Grotesk Light	521	1.4587	0.1727	0.87	0	0.023	0.023	1.4702	-0.2226	0.6641	0.8983	0.74	1.3512	0.7255	0.54	760	0.5118	0.5	190	190	False	0.5562	0.5447	0.5677	curve	Sans	Proportional
Din	Black	538	1.3234	0.3048	0.9	0	0.0112	0.0112	1.3438	-0.1673	0.5502	0.5576	0.99	0.6822	0.6506	0.95	712	0.5056	0.5	175	175	False	0.7048	0.7084	0.7012	curve	Sans	Proportional
Din	Bold	521	1.3666	0.2495	0.9	0	0.0115	0.0115	1.3819	-0.1891	0.5816	0.5969	0.97	0.7428	0.7121	0.96	712	0.5049	0.5	186	186	False	0.6955	0.7013	0.6896	curve	Sans	Proportional
Din	Light	482	1.4772	0.1058	0.88	0	0.0124	0.0124	1.4772	-0.2448	0.6639	0.6992	0.95	0.9004	0.8734	0.97	712	0.5042	0.4991	212	213	False	0.6778	0.6811	0.6745	curve	Sans	Proportional
Din	Medium	507	1.4043	0.2012	0.89	0	0.0118	0.0118	1.4142	-0.2081	0.6095	0.6331	0.96	0.7968	0.7673	0.96	712	0.5049	0.5	196	196	False	0.6821	0.6814	0.6827	curve	Sans	Proportional
Din	Regular	492	1.4472	0.1463	0.89	0	0.0122	0.0122	1.4512	-0.2297	0.6402	0.6707	0.95	0.8577	0.8293	0.97	712	0.5042	0.5	206	206	False	0.6754	0.6734	0.6775	curve	Sans	Proportional
Sabon	Bold	447	1.557	0.2506	0.29	3	0.038	0.0336	1.7091	-0.5056	0.6264	0.8009	0.78	1.3691	0.7472	0.55	696	0.523	0.5042	102	102	False	0.5992	0.6195	0.5789	curve	Serif	Proportional
Sabon	Roman	441	1.5805	0.1814	0.28	-2	0.0363	0.034	1.7323	-0.5147	0.6531	0.8617	0.76	1.3764	0.737	0.54	697	0.5187	0.5	91	91	False	0.5633	0.5565	0.5701	curve	Serif	Proportional
Minion	Bold	442	1.4706	0.2896	0.27	-11	0.0271	0.0271	1.5904	-0.4842	0.6131	0.7308	0.84	1.1968	0.698	0.58	650	0.53	0.5023	94	98	False	0.6005	0.6249	0.5761	curve	Serif	Proportional
Minion	Bold Caption	445	1.4607	0.2944	0.29	-10	0.027	0.027	1.5707	-0.4607	0.6157	0.7326	0.84	1.1978	0.7022	0.59	650	0.53	0.5038	96	99	False	0.5996	0.6223	0.5769	curve	Serif	Proportional
Minion	Bold Condensed	442	1.4525	0.276	0.27	-10	0.0271	0.0271	1.5678	-0.4615	0.5701	0.6629	0.86	0.9796	0.6414	0.65	642	0.5319	0.5027	83	86	False	0.6024	0.6258	0.5791	curve	Serif	Proportional
Minion	Bold Condensed Caption	445	1.4449	0.2809	0.31	-10	0.027	0.027	1.5505	-0.4382	0.5753	0.6652	0.86	0.9798	0.6449	0.66	643	0.5295	0.5009	83	87	False	0.6003	0.6211	0.5795	curve	Serif	Proportional
Minion	Bold Condensed Display	432	1.4769	0.2569	0.16	-16	0.0278	0.0278	1.618	-0.5231	0.5231	0.6134	0.85	0.8542	0.6019	0.7	638	0.5329	0.501	71	75	False	0.6153	0.6476	0.5831	curve	Serif	Proportional
Minion	Bold Condensed Subhead	437	1.4645	0.2654	0.22	-10	0.0275	0.0275	1.5949	-0.4931	0.5492	0.6407	0.86	0.9199	0.6224	0.68	640	0.5313	0.5	77	81	False	0.6073	0.6349	0.5797	curve	Serif	Proportional
Minion	Bold Display	432	1.5	0.2708	0.17	-15	0.0278	0.0278	1.655	-0.5648	0.6042	0.7292	0.83	1.1968	0.6817	0.57	648	0.5301	0.5008	90	94	False	0.5969	0.6223	0.5715	curve	Serif	Proportional
Minion	Bold Subhead	437	1.4851	0.2792	0.21	-11	0.0275	0.0275	1.6247	-0.524	0.6087	0.73	0.83	1.1991	0.6876	0.57	649	0.5293	0.5016	92	96	False	0.5979	0.6221	0.5738	curve	Serif	Proportional
Minion	Caption	439	1.4806	0.1845	0.37	-9	0.0273	0.0273	1.6172	-0.5	0.6424	0.7904	0.81	1.2779	0.6913	0.54	650	0.53	0.5024	102	105	False	0.5838	0.6061	0.5616	curve	Serif	Proportional
Minion	Condensed	437	1.4691	0.1716	0.35	-5	0.0275	0.0275	1.6063	-0.4966	0.5812	0.6934	0.84	1.0206	0.6259	0.61	642	0.5304	0.5009	88	91	False	0.5934	0.6187	0.5681	curve	Serif	Proportional
Minion	Condensed Caption	439	1.4647	0.1777	0.38	-9	0.0273	0.0273	1.5922	-0.4761	0.5877	0.6993	0.84	1.0205	0.6253	0.61	643	0.5288	0.5009	89	93	False	0.5926	0.6169	0.5682	curve	Serif	Proportional
Minion	Condensed Display	427	1.4941	0.1522	0.23	-16	0.0281	0.0281	1.6557	-0.5527	0.534	0.6276	0.85	0.8852	0.596	0.67	638	0.5321	0.5031	77	80	False	0.6043	0.6445	0.5642	curve	Serif	Proportional
Minion	Condensed Subhead	432	1.4815	0.162	0.29	-4	0.0278	0.0278	1.6319	-0.5231	0.5579	0.662	0.84	0.9537	0.61	0.64	640	0.5305	0.5029	82	85	False	0.5979	0.6285	0.5674	curve	Serif	Proportional
Minion	Display	427	1.5176	0.1686	0.21	-7	0.0281	0.0281	1.6885	-0.5808	0.6323	0.7822	0.81	1.2904	0.678	0.53	648	0.5285	0.5009	92	95	False	0.5884	0.614	0.5628	curve	Serif	Proportional
Minion	Medium	438	1.484	0.2009	0.32	-10	0.0274	0.0274	1.6209	-0.5114	0.6324	0.774	0.82	1.2603	0.6872	0.55	650	0.5292	0.5024	98	102	False	0.588	0.6114	0.5647	curve	Serif	Proportional
Minion	Medium Caption	441	1.4739	0.2018	0.35	-10	0.0272	0.0272	1.6031	-0.4943	0.6372	0.7778	0.82	1.2608	0.6927	0.55	650	0.53	0.5024	100	104	False	0.5864	0.6086	0.5642	curve	Serif	Proportional
Minion	Medium Condensed	438	1.4658	0.1918	0.33	-10	0.0274	0.0274	1.5981	-0.4897	0.5799	0.6895	0.84	1.0114	0.6267	0.62	642	0.5304	0.5018	87	90	False	0.5957	0.621	0.5703	curve	Serif	Proportional
Minion	Medium Condensed Caption	441	1.458	0.195	0.36	-10	0.0272	0.0272	1.5804	-0.4705	0.5828	0.6939	0.84	1.0113	0.6293	0.62	643	0.5288	0.5018	89	92	False	0.5945	0.6166	0.5724	curve	Serif	Proportional
Minion	Medium Condensed Display	429	1.4965	0.1725	0.21	-5	0.028	0.028	1.6596	-0.5559	0.5618	0.6737	0.83	1.0117	0.6235	0.62	642	0.5312	0.501	81	85	False	0.6	0.6339	0.5661	curve	Serif	Proportional
Minion	Medium Condensed Subhead	433	1.4827	0.1824	0.27	-7	0.0277	0.0277	1.6281	-0.5231	0.5704	0.6813	0.84	1.0139	0.6247	0.62	642	0.5312	0.5019	84	87	False	0.5993	0.6282	0.5703	curve	Serif	Proportional
Minion	Medium Display	428	1.514	0.1846	0.21	-7	0.028	0.028	1.6798	-0.5771	0.6215	0.7687	0.81	1.2617	0.6752	0.54	648	0.5293	0.5017	91	94	False	0.5912	0.6189	0.5634	curve	Serif	Proportional
Minion	Medium Subhead	433	1.4988	0.194	0.26	-9	0.0277	0.0277	1.6512	-0.545	0.6282	0.7714	0.81	1.261	0.6801	0.54	649	0.5285	0.5017	94	98	False	0.5895	0.6137	0.5652	curve	Serif	Proportional
Minion	Regular	437	1.4874	0.1808	0.33	-6	0.0275	0.0275	1.6292	-0.5183	0.6384	0.7849	0.81	1.2746	0.6854	0.54	650	0.5285	0.5016	99	102	False	0.5838	0.6062	0.5615	curve	Serif	Proportional
Minion	Semibold	440	1.4773	0.25	0.29	-6	0.0273	0.0273	1.6045	-0.4977	0.6227	0.7523	0.83	1.225	0.6932	0.57	650	0.5292	0.5032	96	100	False	0.5949	0.6184	0.5714	curve	Serif	Proportional
Minion	Semibold Caption	443	1.4673	0.2551	0.31	-7	0.0271	0.0271	1.5868	-0.4763	0.6253	0.7517	0.83	1.2257	0.6964	0.57	650	0.53	0.5023	98	101	False	0.5952	0.619	0.5714	curve	Serif	Proportional
Minion	Semibold Condensed	440	1.4591	0.2386	0.29	-7	0.0273	0.0273	1.584	-0.4716	0.575	0.675	0.85	0.9955	0.6352	0.64	642	0.5312	0.5009	84	88	False	0.6008	0.6267	0.5749	curve	Serif	Proportional
Minion	Semibold Condensed Caption	443	1.4515	0.2438	0.32	-7	0.0271	0.0271	1.5643	-0.4515	0.5779	0.6772	0.85	0.9955	0.6388	0.64	643	0.5303	0.5009	86	89	False	0.599	0.6215	0.5764	curve	Serif	Proportional
Minion	Semibold Condensed Display	430	1.4837	0.2186	0.18	-8	0.0279	0.0279	1.6325	-0.536	0.5279	0.6186	0.85	0.8674	0.6	0.69	638	0.5321	0.5031	73	77	False	0.6127	0.6479	0.5775	curve	Serif	Proportional
Minion	Semibold Condensed Subhead	435	1.4713	0.2299	0.24	-8	0.0276	0.0276	1.6068	-0.5034	0.5517	0.6483	0.85	0.9333	0.6161	0.66	640	0.5313	0.501	78	82	False	0.6058	0.6362	0.5753	curve	Serif	Proportional
Minion	Semibold Display	431	1.5035	0.2343	0.18	-10	0.0278	0.0278	1.6635	-0.5708	0.6125	0.7471	0.82	1.2297	0.6787	0.55	648	0.5293	0.5017	91	94	False	0.5952	0.621	0.5693	curve	Serif	Proportional
Minion	Semibold Subhead	435	1.492	0.2414	0.23	-7	0.0276	0.0276	1.6344	-0.5322	0.6161	0.7506	0.82	1.2299	0.6874	0.56	649	0.5293	0.5016	93	97	False	0.5952	0.6202	0.5701	curve	Serif	Proportional
Minion	Subhead	432	1.5023	0.1736	0.28	-4	0.0278	0.0278	1.6573	-0.5498	0.6366	0.7824	0.81	1.2847	0.6817	0.53	649	0.5293	0.5017	96	99	False	0.5862	0.6106	0.5619	curve	Serif	Proportional
Myriad	Black	492	1.3699	0.3679	0.68	2	0.0224	0.0224	1.4654	-0.2124	0.626	0.6931	0.9	0.9573	0.6768	0.71	674	0.5134	0.4974	172	175	False	0.6136	0.6262	0.601	curve	Sans	Proportional
Myriad	Black Condensed	492	1.3699	0.315	0.76	0	0.0163	0.0163	1.4227	-0.2033	0.4919	0.498	0.99	0.5915	0.5081	0.86	674	0.5045	0.4988	117	118	False	0.6277	0.6439	0.6115	curve	Sans	Proportional
Myriad	Black Semicondensed	492	1.3699	0.3516	0.7	2	0.0203	0.0203	1.4532	-0.2093	0.5854	0.6341	0.92	0.8476	0.627	0.74	674	0.5111	0.4971	155	158	False	0.616	0.6281	0.604	curve	Sans	Proportional
Myriad	Black Semiextended	492	1.3699	0.3841	0.67	2	0.0244	0.0244	1.4796	-0.2154	0.6687	0.7581	0.88	1.0793	0.7337	0.68	674	0.5163	0.4968	190	194	False	0.6097	0.624	0.5953	curve	Sans	Proportional
Myriad	Bold	489	1.3783	0.3108	0.69	-4	0.0245	0.0225	1.4744	-0.2137	0.638	0.7239	0.88	0.9959	0.68	0.68	674	0.5171	0.4982	182	184	False	0.6028	0.607	0.5986	curve	Sans	Proportional
Myriad	Bold Condensed	489	1.3783	0.2679	0.77	-6	0.0184	0.0164	1.4315	-0.2045	0.4806	0.499	0.96	0.6033	0.501	0.83	674	0.5089	0.5	119	120	False	0.6256	0.6382	0.6129	curve	Sans	Proportional
Myriad	Bold Semicondensed	489	1.3783	0.2986	0.71	2	0.0225	0.0204	1.4621	-0.2106	0.593	0.6544	0.91	0.8773	0.6247	0.71	674	0.5141	0.499	163	165	False	0.6054	0.6085	0.6023	curve	Sans	Proportional
Myriad	Bold Semiextended	489	1.3783	0.3252	0.67	-4	0.0266	0.0245	1.4887	-0.2168	0.6912	0.7996	0.86	1.1268	0.7382	0.66	674	0.5193	0.4983	203	206	False	0.6001	0.6078	0.5925	curve	Sans	Proportional
Myriad	Condensed	484	1.3926	0.1591	0.78	-8	0.0145	0.0165	1.4463	-0.2066	0.4545	0.4979	0.91	0.624	0.4793	0.77	674	0.5193	0.5014	123	123	False	0.6151	0.6177	0.6124	curve	Sans	Proportional
Myriad	Light	480	1.4042	0.1	0.8	-16	0.0229	0.0229	1.502	-0.2177	0.6896	0.8375	0.82	1.1396	0.6813	0.6	674	0.5297	0.5011	220	220	False	0.58	0.5734	0.5866	curve	Sans	Proportional
Myriad	Light Condensed	480	1.4042	0.0896	0.8	-20	0.0167	0.0167	1.4583	-0.2083	0.4396	0.4979	0.88	0.6396	0.4688	0.73	674	0.5252	0.5015	126	126	False	0.608	0.6084	0.6076	curve	Sans	Proportional
Myriad	Light Semicondensed	480	1.4042	0.0958	0.78	-12	0.0208	0.0208	1.4895	-0.2146	0.6146	0.7354	0.84	0.9896	0.6156	0.62	674	0.5282	0.5024	192	192	False	0.5834	0.5717	0.5951	curve	Sans	Proportional
Myriad	Light Semiextended	480	1.4042	0.1021	0.79	-24	0.025	0.025	1.5166	-0.2208	0.7729	0.95	0.81	1.3042	0.75	0.58	674	0.5319	0.501	251	251	False	0.5788	0.579	0.5787	curve	Sans	Proportional
Myriad	Regular	484	1.3926	0.1818	0.73	0	0.0207	0.0227	1.4896	-0.2159	0.6694	0.7913	0.85	1.0826	0.6777	0.63	674	0.5252	0.499	205	206	False	0.5861	0.5817	0.5906	curve	Sans	Proportional
Myriad	Semibold	487	1.384	0.2526	0.7	-2	0.0226	0.0226	1.4804	-0.2146	0.653	0.7536	0.87	1.0329	0.6766	0.66	674	0.52	0.4981	192	194	False	0.5942	0.5923	0.5961	curve	Sans	Proportional
Myriad	Semibold Condensed	487	1.384	0.2197	0.77	-8	0.0144	0.0164	1.4373	-0.2053	0.4702	0.4969	0.95	0.6119	0.4908	0.8	674	0.5134	0.4987	121	121	False	0.6198	0.627	0.6126	curve	Sans	Proportional
Myriad	Semibold Semicondensed	487	1.384	0.2423	0.72	2	0.0185	0.0205	1.4681	-0.2115	0.5975	0.6756	0.88	0.9076	0.6232	0.69	674	0.5178	0.4979	171	172	False	0.5977	0.5952	0.6001	curve	Sans	Proportional
Myriad	Semibold Semiextended	487	1.384	0.2649	0.69	-3	0.0246	0.0246	1.4948	-0.2177	0.7125	0.8398	0.85	1.1745	0.7413	0.63	674	0.5237	0.4991	216	218	False	0.5926	0.5958	0.5893	curve	Sans	Proportional
Myriad	Semicondensed	484	1.3926	0.1736	0.75	-10	0.0186	0.0207	1.4772	-0.2128	0.6033	0.7045	0.86	0.9442	0.6188	0.66	674	0.5237	0.5	181	181	False	0.5907	0.5827	0.5988	curve	Sans	Proportional
Myriad	Semiextended	484	1.3926	0.188	0.71	-1	0.0227	0.0248	1.5041	-0.219	0.7397	0.8905	0.83	1.2335	0.7438	0.6	674	0.5274	0.4991	233	234	False	0.586	0.5878	0.5842	curve	Sans	Proportional
Scala	Bold	453	1.457	0.2583	0.38	0	0.0265	0.0287	1.6313	-0.4901	0.6457	0.7406	0.87	1.1479	0.6766	0.59	660	0.5068	0.5008	228	227	True	0.5834	0.5875	0.5792	curve	Serif	Proportional
Scala	Regular	453	1.457	0.1656	0.49	0	0.0265	0.0287	1.6313	-0.4956	0.6656	0.7781	0.86	1.2009	0.6954	0.58	660	0.5068	0.5	248	248	False	0.5572	0.562	0.5524	curve	Serif	Proportional
Scala	Bold Condensed	453	1.457	0.2561	0.39	0	0.0265	0.0287	1.6313	-0.4901	0.4923	0.5552	0.89	0.8609	0.5077	0.59	660	0.5068	0.501	171	170	True	0.5759	0.5738	0.578	curve	Serif	Proportional
Scala	Regular Condensed	453	1.457	0.1656	0.47	0	0.0265	0.0287	1.6313	-0.4956	0.5088	0.5949	0.86	0.8985	0.5375	0.6	660	0.5068	0.5	181	181	False	0.5571	0.5602	0.554	curve	Serif	Proportional
Scala Sans	Bold	465	1.4194	0.2559	0.77	0	0.028	0.028	1.5956	-0.2656	0.6172	0.7398	0.83	1.2194	0.6989	0.57	660	0.5144	0.4991	198	198	False	0.5575	0.5468	0.5683	curve	Sans	Proportional
Scala Sans	Bold Condensed	465	1.4194	0.243	0.74	0	0.028	0.028	1.5956	-0.2645	0.4989	0.5968	0.84	0.9871	0.5634	0.57	660	0.5152	0.4989	160	160	False	0.5644	0.5431	0.5856	curve	Sans	Proportional
Scala Sans	Regular	453	1.457	0.1656	0.82	0	0.0265	0.0287	1.6313	-0.277	0.6667	0.8057	0.83	1.2649	0.7152	0.57	660	0.5144	0.4991	220	220	False	0.5535	0.56	0.5471	curve	Sans	Proportional
Scala Sans	Regular Condensed	453	1.457	0.1678	0.79	0	0.0265	0.0287	1.6313	-0.2781	0.5364	0.6468	0.83	1.0166	0.5751	0.57	660	0.5144	0.5	167	167	False	0.5463	0.5323	0.5602	curve	Sans	Proportional
Scala Sans	Regular	453	1.457	0.1656	0.82	0	0.0265	0.0287	1.6313	-0.277	0.6667	0.8057	0.83	1.2649	0.7152	0.57	660	0.5144	0.4991	220	220	False	0.5535	0.56	0.5471	curve	Sans	Proportional
Scala Sans	Black	466	1.4163	0.4292	0.66	0	0.0365	0.0365	1.5922	-0.2758	0.6159	0.6953	0.89	1.1202	0.6974	0.62	660	0.5136	0.5008	188	188	False	0.6083	0.6258	0.5908	curve	Sans	Proportional
Scala Sans	Bold Condensed	465	1.4194	0.243	0.74	0	0.028	0.028	1.5956	-0.2645	0.4989	0.5968	0.84	0.9871	0.5634	0.57	660	0.5152	0.4989	160	160	False	0.5644	0.5431	0.5856	curve	Sans	Proportional
Scala Sans	Regular Condensed	453	1.457	0.1678	0.79	0	0.0265	0.0287	1.6313	-0.2781	0.5364	0.6468	0.83	1.0166	0.5751	0.57	660	0.5144	0.5	167	167	False	0.5463	0.5323	0.5602	curve	Sans	Proportional
Scala Sans	Light	453	1.457	0.106	0.85	0	0.0265	0.0287	1.6313	-0.277	0.6689	0.8102	0.83	1.2693	0.7152	0.56	660	0.5152	0.499	220	220	False	0.5589	0.5565	0.5612	curve	Sans	Proportional
Joanna	Bold	427	1.4028	0.2693	0.36	0	0.0281	0.0281	1.5995	-0.5176	0.6323	0.822	0.77	1.2084	0.582	0.48	599	0.5042	0.4992	204	204	False	0.606	0.631	0.5811	curve	Serif	Proportional
Joanna	Extra Bold	435	1.377	0.331	0.34	0	0.0276	0.0276	1.5838	-0.4908	0.6207	0.777	0.8	1.1333	0.5839	0.52	599	0.4908	0.5	201	201	False	0.6219	0.6528	0.5909	curve	Serif	Proportional
Joanna	Semibold	418	1.433	0.2201	0.4	0	0.0287	0.0287	1.6483	-0.5347	0.6459	0.8541	0.76	1.2656	0.6041	0.48	599	0.505	0.5	204	204	False	0.5939	0.6269	0.561	curve	Serif	Proportional
Joanna	Regular	408	1.4681	0.1618	0.37	0	0.0294	0.0294	1.6887	-0.5588	0.6544	0.9069	0.72	1.3382	0.6336	0.47	599	0.5042	0.5009	210	210	False	0.5809	0.5873	0.5744	curve	Serif	Proportional
Baskerville	Bold	400	1.655	0.395	0.32	1	0.04	0.04	1.6849	-0.525	0.7275	0.8025	0.91	1.3462	0.875	0.65	662	0.5257	0.5	245	245	False	0.6374	0.6971	0.5776	curve	Serif	Proportional
Baskerville	Regular	400	1.655	0.175	0.3	0	0.04	0.04	1.6799	-0.5875	0.6975	0.865	0.81	1.5225	0.8237	0.54	662	0.5272	0.5	118	117	True	0.6237	0.6738	0.5736	curve	Serif	Proportional
Baskerville	Semibold	400	1.655	0.315	0.33	0	0.04	0.04	1.6849	-0.5262	0.725	0.865	0.84	1.4525	0.875	0.6	662	0.5272	0.5	257	257	False	0.6504	0.711	0.5899	curve	Serif	Proportional
Fedra Mono	Bold	546	1.2949	0.304	0.77	1	0.0256	0.022	1.4139	-0.2088	0.5522	0.5577	0.99	0.5696	0.5586	0.98	707	0.5028	0.5	162	162	False	0.7473	0.8042	0.6905	curve	Serif	Mono
Fedra Mono	Book	546	1.2949	0.1429	0.8	1	0.022	0.0165	1.4175	-0.2088	0.6383	0.7198	0.89	0.7244	0.6593	0.91	707	0.5021	0.5	206	206	False	0.6481	0.6506	0.6456	curve	Serif	Mono
Fedra Mono	Medium	546	1.2949	0.2454	0.78	2	0.0238	0.0201	1.4157	-0.2088	0.5852	0.619	0.95	0.6282	0.5971	0.95	707	0.5021	0.5	179	179	False	0.6965	0.7194	0.6735	curve	Serif	Mono
Fedra Mono	Normal	546	1.2949	0.1905	0.8	-9	0.0238	0.0183	1.4175	-0.2088	0.6126	0.6722	0.91	0.6795	0.63	0.93	707	0.5021	0.5	193	193	False	0.6685	0.6785	0.6585	curve	Serif	Mono
Fedra Sans	Bold Condensed	546	1.2949	0.2747	0.87	1	0.0256	0.022	1.4139	-0.2088	0.4734	0.5165	0.92	0.761	0.4872	0.64	707	0.5028	0.5	157	157	False	0.6417	0.6565	0.6269	curve	Sans	Proportional
Fedra Sans	Book Condensed	546	1.2949	0.1392	0.88	-14	0.022	0.0165	1.4175	-0.2088	0.467	0.5366	0.87	0.8095	0.4872	0.6	707	0.5021	0.5012	172	171	True	0.6297	0.6257	0.6336	curve	Sans	Proportional
Fedra Sans	Demi Condensed	546	1.2949	0.1795	0.88	-11	0.0238	0.0183	1.4175	-0.2088	0.4698	0.5311	0.88	0.7949	0.4872	0.61	707	0.5021	0.5	167	167	False	0.6338	0.6356	0.6319	curve	Sans	Proportional
Fedra Sans	Light Condensed	546	1.2949	0.1044	0.89	-11	0.022	0.0147	1.4194	-0.2088	0.4661	0.5412	0.86	0.8223	0.4872	0.59	707	0.5021	0.5013	176	175	True	0.6289	0.6227	0.635	curve	Sans	Proportional
Fedra Sans	Medium Condensed	546	1.2949	0.2234	0.88	-3	0.0238	0.0201	1.4157	-0.2088	0.4716	0.5238	0.9	0.7793	0.4872	0.63	707	0.5028	0.5	162	163	False	0.6374	0.6453	0.6295	curve	Sans	Proportional
Fedra Sans	Bold	546	1.2949	0.3059	0.78	-4	0.0256	0.022	1.4304	-0.2106	0.6621	0.7289	0.91	1.0705	0.6868	0.64	707	0.5028	0.5	222	222	False	0.6596	0.6908	0.6285	curve	Sans	Proportional
Fedra Sans	Book	546	1.2949	0.1447	0.79	-11	0.0256	0.022	1.4212	-0.2115	0.6612	0.7555	0.88	1.1465	0.6868	0.6	707	0.5021	0.5	241	241	False	0.6341	0.6378	0.6303	curve	Sans	Proportional
Fedra Sans	Light	546	1.2949	0.1007	0.8	-8	0.0256	0.022	1.4194	-0.2115	0.6612	0.7628	0.87	1.1658	0.6859	0.59	707	0.5021	0.5	247	247	False	0.6298	0.6286	0.6309	curve	Sans	Proportional
Fedra Sans	Medium	546	1.2949	0.2436	0.78	-2	0.0256	0.022	1.4267	-0.2106	0.6621	0.739	0.9	1.0998	0.6868	0.62	707	0.5021	0.5	229	229	False	0.6466	0.6638	0.6294	curve	Sans	Proportional
Fedra Sans	Normal	546	1.2949	0.1905	0.79	0	0.0256	0.022	1.4249	-0.2115	0.6621	0.7491	0.88	1.1236	0.6868	0.61	707	0.5021	0.5	236	236	False	0.6385	0.6477	0.6293	curve	Sans	Proportional
Fedra Serif A	Bold	546	1.2949	0.3077	0.54	-9	0.0238	0.0147	1.4065	-0.3452	0.7097	0.7253	0.98	1.0586	0.7299	0.69	707	0.5014	0.4993	266	267	False	0.6265	0.6573	0.5957	curve	Serif	Proportional
Fedra Serif A	Book	546	1.2949	0.1593	0.62	-37	0.0147	0.0128	1.4102	-0.3599	0.6648	0.7253	0.92	1.0952	0.6502	0.59	707	0.5021	0.4992	266	267	False	0.6426	0.6809	0.6044	curve	Serif	Proportional
Fedra Serif A	Medium	546	1.2949	0.2491	0.57	-17	0.0201	0.0147	1.4084	-0.3507	0.6648	0.7253	0.92	1.0723	0.6969	0.65	707	0.5021	0.4993	266	267	False	0.6328	0.6671	0.5984	curve	Serif	Proportional
Fedra Serif A	Normal	546	1.2949	0.1996	0.6	-20	0.0165	0.0128	1.4084	-0.3553	0.6648	0.7244	0.92	1.0852	0.6712	0.62	707	0.5014	0.4992	266	267	False	0.6398	0.6767	0.6028	curve	Serif	Proportional
Fedra Serif B	Bold	546	1.3498	0.3077	0.37	-10	0.0238	0.0147	1.5897	-0.5119	0.489	0.7253	0.67	1.0678	0.7427	0.7	737	0.4993	0.4993	266	267	False	0.6269	0.6574	0.5964	curve	Serif	Proportional
Fedra Serif B	Book	546	1.3498	0.1593	0.51	-32	0.0147	0.0128	1.5934	-0.5082	0.6795	0.7253	0.94	1.0952	0.6502	0.59	737	0.502	0.4992	266	267	False	0.6358	0.6663	0.6052	curve	Serif	Proportional
Fedra Serif B	Medium	546	1.3498	0.2491	0.42	-4	0.0201	0.0147	1.5915	-0.511	0.6703	0.7253	0.92	1.0778	0.7051	0.65	737	0.5	0.4993	266	267	False	0.6316	0.6643	0.5988	curve	Serif	Proportional
Fedra Serif B	Normal	546	1.3498	0.2015	0.47	-20	0.0165	0.0128	1.5915	-0.5092	0.6758	0.7244	0.93	1.087	0.6749	0.62	737	0.5014	0.4992	266	267	False	0.635	0.6665	0.6034	curve	Serif	Proportional
Didot	Bold	429	1.6597	0.2844	0.1	0	0.0326	0.0326	1.6969	-0.6364	0.7133	0.8228	0.87	1.366	0.7471	0.55	712	0.5098	0.5	241	241	False	0.6403	0.7276	0.553	curve	Serif	Proportional
Didot	Roman	429	1.6597	0.2005	0.14	10	0.0303	0.0326	1.7016	-0.6364	0.7483	0.8531	0.88	1.3543	0.7506	0.55	712	0.5112	0.5	254	254	False	0.6162	0.7092	0.5232	curve	Serif	Proportional
Formata	Bold	540	1.3167	0.0019	0.59	0	0.013	0.0222	1.4852	-0.4657	0.3935	0.6315	0.62	0.8241	0.5524	0.67	707.5	0.5307	0.1335	10	35	False	0.6503	0.6579	0.6427	curve	Sans	Proportional
Formata	Bold Condensed	540	1.3167	0.35	0.61	-4	0.013	0.0222	1.4166	-0.3954	0.4084	0.5148	0.79	0.7037	0.5318	0.76	707.5	0.5293	0.3633	4	56	False	0.6454	0.6478	0.643	curve	Sans	Proportional
Formata	Condensed	522	1.3582	0.1858	0.67	-5	0.0153	0.0211	1.4502	-0.3994	0.4178	0.5958	0.7	0.8448	0.5333	0.63	707.5	0.5399	0.8026	103	5	True	0.6441	0.6553	0.6329	curve	Sans	Proportional
Formata	Light	514	1.3774	0.1206	0.77	-9	0.0195	0.0233	1.5077	-0.4514	0.3879	0.7685	0.5	1.1167	0.308	0.28	707	0.5431	0.011	2	212	False	0.6306	0.6234	0.6379	curve	Sans	Proportional
Formata	Light Condensed	513	1.3801	0.115	0.75	0	0.0195	0.0195	1.4697	-0.3957	0.3663	0.6179	0.59	0.9201	0.5589	0.61	707.5	0.5428	0.5018	172	2	True	0.6464	0.6436	0.6493	curve	Sans	Proportional
Formata	Medium	531	1.3409	0.307	0.59	2	0.0188	0.0226	1.4953	-0.468	0.2941	0.678	0.43	0.9021	0.4661	0.52	707.5	0.6198	0.4933	154	160	False	0.651	0.6552	0.6467	curve	Sans	Proportional
Formata	Medium Condensed	534	1.3296	0.2884	0.62	-4	0.0131	0.0206	1.4269	-0.397	0.3467	0.5346	0.65	0.7622	0.5406	0.71	707.5	0.5343	0.4979	2	6	False	0.6356	0.64	0.6312	curve	Sans	Proportional
Formata	Regular	524	1.3569	0.1966	0.68	1	0.0172	0.021	1.4904	-0.4685	0.6298	0.7357	0.86	1.0115	0.6826	0.67	707.5	0.4813	0.5734	190	118	True	0.6388	0.6263	0.6513	curve	Sans	Proportional
Adobe Caslon	Bold	422	1.6825	0.3152	0.28	-5	0.0284	0.0332	1.7464	-0.6481	0.7121	0.7536	0.94	1.4372	0.8046	0.56	709.5	0.5187	0.4919	94	90	True	0.6754	0.683	0.6678	curve	Serif	Proportional
Adobe Caslon	Regular	419	1.6945	0.1718	0.35	-14	0.0239	0.0286	1.7255	-0.6527	0.6635	0.8234	0.81	1.4916	0.8508	0.57	709.5	0.5215	0.4886	111	108	True	0.6471	0.6568	0.6373	curve	Serif	Proportional
Adobe Caslon	Semibold	419	1.6945	0.2506	0.33	-9	0.0239	0.0286	1.7255	-0.6527	0.6587	0.7828	0.84	1.4606	0.8177	0.56	709.5	0.5201	0.4903	100	98	True	0.665	0.668	0.662	curve	Serif	Proportional
Bell Gothic	Bold	523	1.4034	0.1721	0.79	5	0.0249	0.021	1.4244	-0.174	0.5163	0.6166	0.84	0.7457	0.7113	0.95	734	0.5204	0.5016	214	213	True	0.62	0.61	0.63	curve	Sans	Proportional
Bell Gothic	Light	479	1.3862	0.1294	0.86	-1	0.0271	0.0188	1.4634	-0.1858	0.5992	0.6701	0.89	0.833	0.7547	0.91	664	0.5241	0.5	212	213	False	0.6162	0.6119	0.6206	curve	Sans	Proportional
Antique Olive	Black	623	1.191	0.321	0.82	0	0.0289	0.0289	1.2423	-0.1348	0.5698	0.6629	0.86	0.748	0.6132	0.82	742	0.5135	0.5	190	190	False	0.657	0.6488	0.6652	curve	Sans	Proportional
Antique Olive	Bold	623	1.191	0.2408	0.81	0	0.0289	0.0289	1.2423	-0.1348	0.6083	0.7207	0.84	0.8026	0.6404	0.8	742	0.5135	0.5	191	191	False	0.6603	0.6591	0.6615	curve	Sans	Proportional
Antique Olive	Bold Condensed	606	1.1782	0.2673	0.88	-81	0.0149	0.0149	1.2409	-0.1246	0.368	0.4191	0.88	0.4785	0.401	0.84	714	0.5056	0.5	116	116	False	0.7313	0.7682	0.6944	curve	Sans	Proportional
Antique Olive	Compact	601	1.188	0.4343	0.74	0	0.03	0.03	1.2412	-0.1281	0.6639	0.7438	0.89	0.8037	0.7621	0.95	714	0.5	0.5	188	188	False	0.7223	0.7349	0.7097	curve	Sans	Proportional
Antique Olive	Light	595	1.2471	0.121	0.8	66	0.0202	0.0202	1.3327	-0.1311	0.6403	0.7731	0.83	0.8286	0.6941	0.84	742	0.5	0.5	208	208	False	0.6427	0.6545	0.631	curve	Sans	Proportional
Antique Olive	Nord	605	1.1802	0.5603	0.59	0	0.0347	0.0347	1.2545	-0.1421	0.8545	0.8843	0.97	1.0165	0.9455	0.93	714	0.472	0.5	212	212	False	0.6935	0.6909	0.6961	curve	Sans	Proportional
Antique Olive	Roman	623	1.191	0.1798	0.86	0	0.0225	0.0225	1.2423	-0.1316	0.6404	0.74	0.87	0.8154	0.6581	0.81	742	0.5189	0.5	206	206	False	0.6493	0.6478	0.6508	curve	Sans	Proportional
Daxline	Black	539	1.3432	0.3599	0.77	0	0.0241	0.0241	1.4656	-0.2041	0.5455	0.6085	0.9	0.6827	0.6234	0.91	724	0.5	0.5	123	123	False	0.6349	0.667	0.6028	curve	Sans	Proportional
Daxline	Bold	539	1.3432	0.2523	0.79	0	0.0223	0.0223	1.4619	-0.205	0.5798	0.6531	0.89	0.7774	0.6521	0.84	724	0.5069	0.501	153	152	True	0.627	0.6464	0.6077	curve	Sans	Proportional
Daxline	Extrabold	539	1.3432	0.3061	0.78	0	0.0223	0.0223	1.4638	-0.2041	0.5622	0.6327	0.89	0.731	0.6382	0.87	724	0.5035	0.5	138	138	False	0.6302	0.6563	0.6042	curve	Sans	Proportional
Daxline	Light	539	1.3432	0.1095	0.83	0	0.0186	0.0186	1.4582	-0.2059	0.6252	0.7143	0.88	0.9109	0.6902	0.76	724	0.5173	0.501	193	192	True	0.6203	0.6274	0.6133	curve	Sans	Proportional
Daxline	Medium	539	1.3432	0.2041	0.79	0	0.0204	0.0204	1.4601	-0.205	0.5965	0.6753	0.88	0.8256	0.666	0.81	724	0.5104	0.501	167	166	True	0.622	0.6359	0.608	curve	Sans	Proportional
Daxline	Regular	539	1.3432	0.154	0.82	0	0.0204	0.0204	1.4582	-0.205	0.6113	0.6957	0.88	0.8683	0.679	0.78	724	0.5138	0.5	180	180	False	0.6193	0.6281	0.6105	curve	Sans	Proportional
Daxline	Thin	539	1.3432	0.0705	0.89	0	0.0186	0.0186	1.4564	-0.2059	0.6382	0.731	0.87	0.9462	0.7013	0.74	724	0.5193	0.5	203	203	False	0.6182	0.6209	0.6155	curve	Sans	Proportional
Proforma	Bold	447	1.4631	0.3087	0.39	-6	0.0515	0.0515	1.6263	-0.4877	0.6834	0.7136	0.96	1.1387	0.6868	0.6	654	0.5107	0.4992	85	85	False	0.6759	0.7523	0.5994	curve	Serif	Proportional
Proforma	Book	447	1.4631	0.1477	0.47	-2	0.0492	0.0492	1.6106	-0.5078	0.6387	0.7852	0.81	1.1723	0.6331	0.54	654	0.5115	0.5017	94	93	True	0.6247	0.6337	0.6156	curve	Serif	Proportional
Proforma	Light	447	1.4631	0.1141	0.5	0	0.047	0.047	1.6084	-0.5123	0.6309	0.7998	0.79	1.1779	0.6219	0.53	654	0.5122	0.5026	95	94	True	0.618	0.6157	0.6204	curve	Serif	Proportional
Proforma	Medium	447	1.4631	0.1902	0.43	-3	0.0492	0.0492	1.6151	-0.5022	0.651	0.7662	0.85	1.1622	0.6477	0.56	654	0.5115	0.5	91	91	False	0.6354	0.659	0.6118	curve	Serif	Proportional
Proforma	Semibold	447	1.4631	0.2438	0.4	-5	0.0492	0.0492	1.6196	-0.4955	0.6655	0.7427	0.9	1.1521	0.6655	0.58	654	0.5107	0.4992	88	88	False	0.65	0.6938	0.6062	curve	Serif	Proportional
Proforma	Ultralight	447	1.4631	0.094	0.55	0	0.047	0.047	1.6062	-0.5145	0.6253	0.8087	0.77	1.1823	0.6152	0.52	654	0.5122	0.5009	96	95	True	0.6143	0.6064	0.6222	curve	Serif	Proportional
Todayshop	Bold	473	1.4144	0.3531	0.76	-5	0.0148	0.0317	1.482	-0.2495	0.6596	0.7516	0.88	1.074	0.7135	0.66	656	0.5122	0.5009	187	187	False	0.5958	0.5851	0.6066	curve	Sans	Proportional
Todayshop	Light	446	1.4955	0.1278	0.77	3	0.0045	0.0247	1.5897	-0.3105	0.6704	0.8475	0.79	1.3352	0.7108	0.53	656	0.5244	0.5019	235	234	True	0.5972	0.5876	0.6068	curve	Sans	Proportional
Todayshop	Medium	458	1.4607	0.2511	0.75	-4	0.0109	0.0306	1.5327	-0.2773	0.6572	0.7904	0.83	1.1998	0.7129	0.59	656	0.5168	0.5	211	211	False	0.6057	0.5863	0.625	curve	Sans	Proportional
Todayshop	Regular	453	1.4834	0.181	0.73	-3	0	0.0287	1.5541	-0.2936	0.6534	0.8068	0.81	1.2693	0.7042	0.55	656	0.5259	0.4991	226	226	False	0.5817	0.5817	0.5818	curve	Sans	Proportional
Todayshop	Ultra	495	1.3515	0.4566	0.77	2	0.0081	0.0323	1.4101	-0.2121	0.6505	0.7051	0.92	0.9313	0.7061	0.76	656	0.5046	0.5009	160	160	False	0.6069	0.5908	0.623	curve	Sans	Proportional
Todayshop	Extralight	438	1.5091	0.0731	0.8	-25	0.0091	0.0228	1.6233	-0.3265	0.6872	0.8904	0.77	1.4087	0.7169	0.51	656	0.5274	0.5009	243	242	True	0.5901	0.5929	0.5874	curve	Sans	Proportional
Trade Gothic	Bold	520	1.3885	0.2385	0.81	0	0.0192	0.0192	1.4077	-0.1923	0.5846	0.6308	0.93	0.9	0.7327	0.81	722	0.5152	0.5	189	189	False	0.6484	0.6794	0.6175	curve	Sans	Proportional
Trade Gothic	Bold Extended	537	1.3538	0.2309	0.84	0	0.0335	0.0335	1.3873	-0.1881	0.7616	0.8864	0.86	1.3482	1.1006	0.82	727	0.5172	0.5	325	325	False	0.6192	0.6263	0.6121	curve	Sans	Proportional
Trade Gothic	Condensed	520	1.3885	0.1385	0.83	0	0.0192	0.0192	1.4077	-0.1731	0.4385	0.4731	0.93	0.6346	0.5654	0.89	722	0.5222	0.4987	148	148	False	0.7255	0.7601	0.6909	curve	Sans	Proportional
Trade Gothic	Extended	523	1.3901	0.1549	0.83	0	0.0306	0.0306	1.4244	-0.1912	0.8337	0.9981	0.84	1.457	1.1855	0.81	727	0.5227	0.5	351	351	False	0.5993	0.5983	0.6003	curve	Sans	Proportional
Trade Gothic	Light	520	1.3885	0.1154	0.8	0	0.0192	0.0192	1.4077	-0.1865	0.6385	0.7077	0.9	0.9692	0.7692	0.79	722	0.5194	0.5	214	214	False	0.6523	0.665	0.6396	curve	Sans	Proportional
Trade Gothic	Regular	520	1.3885	0.1385	0.86	0	0.0192	0.0192	1.4077	-0.1942	0.5885	0.6808	0.86	0.9308	0.7558	0.81	722	0.5235	0.5	216	216	False	0.6191	0.6271	0.6111	curve	Sans	Proportional
Swift	Light	499	1.4108	0.1663	0.45	-15	0.02	0.0321	1.4929	-0.4339	0.6473	0.7796	0.83	1.1012	0.6172	0.56	704	0.5227	0.5068	255	247	True	0.6085	0.6281	0.5889	curve	Serif	Proportional
Swift	Regular	500	1.4	0.188	0.44	-14	0.02	0.032	1.48	-0.432	0.636	0.77	0.83	1.078	0.608	0.56	700	0.5229	0.5043	243	238	True	0.6072	0.6243	0.5902	curve	Serif	Proportional
Swift	Extrabold	528	1.3542	0.3125	0.34	-1	0.0208	0.0303	1.4242	-0.4233	0.6458	0.7879	0.82	1.0691	0.6392	0.6	715	0.5224	0.5	229	229	False	0.6107	0.6196	0.6018	curve	Serif	Proportional
Swift	Bold Condensed	510	1.2451	0.2961	0.4	-7	0.0216	0.0196	1.3784	-0.352	0.5412	0.6353	0.85	0.7196	0.5618	0.78	635	0.5213	0.5	177	177	False	0.6613	0.6967	0.6259	curve	Serif	Proportional
Bell Centennial	Address	486	1.3436	0.142	0.75	0	0.0288	0.0309	1.43	-0.1728	0.5103	0.5905	0.86	0.8117	0.6121	0.75	653	0.5299	0.5045	174	170	True	0.6317	0.6318	0.6315	curve	Sans	Proportional
Bell Centennial	Bold Listing	677	1.2511	0.2541	0.65	0	0.0162	0.0162	1	0.0923	0.5746	0.5332	1.08	0.6344	0.5879	0.93	847	0.4994	0.4992	196	197	False	0.7155	0.7673	0.6637	curve	Sans	Proportional
Bell Centennial	Name & Number	539	1.3748	0.2319	0.81	0	0.0315	0.026	1.397	-0.1698	0.5696	0.6438	0.88	0.8173	0.6299	0.77	741	0.5277	0.4964	192	196	False	0.636	0.6321	0.6398	curve	Sans	Proportional
Bell Centennial	Sub-caption	486	1.3724	0.1728	0.81	0	0.0309	0.0309	1.3724	-0.1728	0.5751	0.6811	0.84	0.8951	0.6553	0.73	667	0.5292	0.5	192	192	False	0.6356	0.6454	0.6257	curve	Sans	Proportional
News Gothic	Bold	560	1.3893	0.2643	0.72	0	0.0214	0.0214	1.3892	-0.1812	0.5607	0.6071	0.92	0.8607	0.7107	0.83	778	0.5244	0.5009	202	202	False	0.6017	0.6168	0.5866	curve	Sans	Proportional
News Gothic	Medium	552	1.4094	0.1413	0.84	0	0.029	0.029	1.4384	-0.1694	0.5308	0.6594	0.8	0.8732	0.6975	0.8	778	0.5347	0.5	209	209	False	0.6301	0.6275	0.6327	curve	Sans	Proportional
Avenir	Black	486	1.4568	0.3086	0.88	0	0.0247	0.0247	1.5802	-0.2469	0.6543	0.8025	0.82	1.2387	0.786	0.63	708	0.5297	0.5	202	202	False	0.5955	0.6092	0.5817	curve	Sans	Proportional
Avenir	Book	468	1.5128	0.141	0.83	0	0.0256	0.0256	1.641	-0.3205	0.7158	0.9081	0.79	1.4103	0.8034	0.57	708	0.5198	0.5	237	237	False	0.5845	0.5896	0.5793	curve	Sans	Proportional
Avenir	Heavy	480	1.475	0.25	0.9	0	0.025	0.025	1.5999	-0.25	0.6625	0.8375	0.79	1.2896	0.7937	0.62	708	0.5212	0.5	217	217	False	0.575	0.5725	0.5774	curve	Sans	Proportional
Avenir	Light	462	1.5325	0.1299	0.9	0	0.026	0.026	1.6623	-0.2597	0.7273	0.9221	0.79	1.4416	0.8052	0.56	708	0.5169	0.5	242	242	False	0.5831	0.5839	0.5823	curve	Sans	Proportional
Avenir	Medium	474	1.4937	0.1899	0.87	-14	0.0253	0.0253	1.6202	-0.3101	0.6962	0.8608	0.81	1.3418	0.7954	0.59	708	0.5212	0.5	228	228	False	0.5777	0.5986	0.5569	curve	Sans	Proportional
Avenir	Roman	468	1.5128	0.1667	0.86	0	0.0256	0.0256	1.641	-0.2564	0.7051	0.8889	0.79	1.3889	0.8034	0.58	708	0.5212	0.5	234	234	False	0.5853	0.5858	0.5847	curve	Sans	Proportional
Avenir Next 	Bold	498	1.4217	0.3333	0.86	0	0.0321	0.0321	1.5562	-0.255	0.6566	0.7922	0.83	1.1807	0.749	0.63	708	0.5198	0.5	200	200	False	0.578	0.5763	0.5797	curve	Sans	Proportional
Avenir Next 	Bold Condensed	523	1.3537	0.3059	0.91	0	0.0363	0.0363	1.4932	-0.2447	0.5067	0.543	0.93	0.7266	0.5507	0.76	708	0.5191	0.5	130	130	False	0.6157	0.6278	0.6035	curve	Sans	Proportional
Avenir Next 	Condensed	496	1.4274	0.1331	0.84	0	0.0323	0.0323	1.5564	-0.2581	0.504	0.5605	0.9	0.7964	0.5716	0.72	708	0.5184	0.4985	136	137	False	0.6173	0.6244	0.6102	curve	Sans	Proportional
Avenir Next 	Demi	480	1.475	0.25	0.8	0	0.0292	0.0292	1.5999	-0.2646	0.6708	0.8333	0.8	1.3	0.7937	0.61	708	0.5198	0.5	217	217	False	0.5794	0.5837	0.575	curve	Sans	Proportional
Avenir Next 	Demi Condensed	510	1.3882	0.2235	0.87	0	0.0333	0.0333	1.5235	-0.252	0.5059	0.548	0.92	0.7569	0.5608	0.74	708	0.5191	0.5	133	133	False	0.6193	0.6298	0.6087	curve	Sans	Proportional
Avenir Next 	Heavy Condensed	537	1.3184	0.3911	0.93	0	0.0372	0.0372	1.4636	-0.2384	0.5084	0.5382	0.94	0.6927	0.541	0.78	708	0.5205	0.5	125	125	False	0.6097	0.6196	0.5998	curve	Sans	Proportional
Avenir Next 	Medium Condensed	502	1.4104	0.1713	0.84	0	0.0339	0.0339	1.5418	-0.256	0.505	0.5518	0.92	0.7769	0.5667	0.73	708	0.5184	0.5	135	135	False	0.6195	0.6282	0.6108	curve	Sans	Proportional
Avenir Next 	Regular	468	1.5128	0.1453	0.79	0	0.0256	0.0256	1.641	-0.2692	0.7201	0.9124	0.79	1.4145	0.8077	0.57	708	0.5198	0.5	237	237	False	0.5812	0.5841	0.5782	curve	Sans	Proportional
Avenir Next 	Ultra Light Condensed	483	1.4658	0.0455	0.85	0	0.0331	0.0331	1.59	-0.265	0.5031	0.5797	0.87	0.8406	0.5828	0.69	708	0.5177	0.5	140	140	False	0.6089	0.6119	0.606	curve	Sans	Proportional
Dtl Nobel	Bold	469	1.6866	0.3539	0.87	0	0.0277	0.0299	1.6716	-0.2537	0.6461	0.7335	0.88	1.3859	0.8028	0.58	786	0.5115	0.5	163	163	False	0.5797	0.5854	0.574	curve	Sans	Proportional
Dtl Nobel	Regular Condensed	468	1.6795	0.2222	0.8	0	0.0192	0.0256	1.688	-0.2083	0.4936	0.5577	0.89	1	0.6239	0.62	786	0.5108	0.5024	156	156	False	0.6431	0.6489	0.6374	curve	Sans	Proportional
Dtl Nobel	Bold Condensed	468	1.6816	0.3184	0.69	0	0.0192	0.0256	1.688	-0.2073	0.547	0.6026	0.91	0.9252	0.6026	0.65	786	0.5095	0.5108	146	146	False	0.6532	0.6722	0.6341	curve	Sans	Proportional
Dtl Nobel	Light	468	1.6795	0.1154	0.82	-20	0.0278	0.0235	1.6837	-0.2254	0.6763	0.9103	0.74	1.5491	0.8226	0.53	786	0.5127	0.5	221	221	False	0.5918	0.6008	0.5828	curve	Sans	Proportional
Dtl Nobel	Regular	468	1.6795	0.2222	0.81	1	0.0278	0.0256	1.688	-0.2147	0.6752	0.8632	0.78	1.453	0.8654	0.6	786	0.5115	0.5	221	221	False	0.5998	0.5929	0.6066	curve	Sans	Proportional
Fago	Black Condensed	530	1.3208	0.3585	0.69	0	0.0189	0.0189	1.3962	-0.1887	0.5094	0.5547	0.92	0.5849	0.4906	0.84	700	0.5157	0.1628	5	190	False	0.7204	0.7635	0.6772	curve	Sans	Proportional
Fago	Bold Condensed	530	1.3208	0.2453	0.7	0	0.0189	0.0189	1.3773	-0.1887	0.5094	0.5547	0.92	0.5849	0.4906	0.84	700	0.53	0.1987	10	130	False	0.6897	0.7174	0.662	curve	Sans	Proportional
Fago	Extrabold Condensed	530	1.3208	0.3	0.7	0	0.0189	0.0189	1.3868	-0.1887	0.5094	0.5547	0.92	0.5849	0.4906	0.84	700	0.5236	0.4395	140	80	True	0.704	0.7356	0.6723	curve	Sans	Proportional
Fago	Medium Condensed	530	1.3208	0.1962	0.72	0	0.0189	0.0189	1.3773	-0.1887	0.5094	0.5547	0.92	0.5849	0.4906	0.84	700	0.5336	0.5339	145	60	True	0.6725	0.6807	0.6643	curve	Sans	Proportional
Fago	Regular Condensed	530	1.3208	0.1509	0.76	0	0.0189	0.0189	1.3773	-0.1887	0.5094	0.5547	0.92	0.5849	0.4906	0.84	700	0.5371	0.2143	5	80	False	0.6553	0.647	0.6637	curve	Sans	Proportional
Fago	Black Extended	530	1.3208	0.3962	0.64	0	0.0189	0.0189	1.3962	-0.1887	0.6981	0.7434	0.94	0.7736	0.6811	0.88	700	0.5014	0.537	195	120	True	0.6991	0.7398	0.6584	curve	Sans	Proportional
Fago	Bold Extended	530	1.3208	0.283	0.7	0	0.0189	0.0189	1.3773	-0.1887	0.6981	0.7434	0.94	0.7736	0.6792	0.88	700	0.5229	0.5417	195	180	True	0.6767	0.6867	0.6667	curve	Sans	Proportional
Fago	Extrabold Extended	530	1.3208	0.3377	0.66	0	0.0189	0.0189	1.3868	-0.1887	0.6981	0.7434	0.94	0.7736	0.6802	0.88	700	0.5129	0.4514	195	90	True	0.6845	0.7077	0.6613	curve	Sans	Proportional
Fago	Medium Extended	530	1.3208	0.234	0.72	0	0.0189	0.0189	1.3773	-0.1887	0.6981	0.7434	0.94	0.7736	0.6792	0.88	700	0.5321	0.2015	10	124	False	0.6546	0.6542	0.655	curve	Sans	Proportional
Fago	Regular Extended	530	1.3208	0.1887	0.74	0	0.0189	0.0189	1.3773	-0.1887	0.6981	0.7434	0.94	0.7736	0.6792	0.88	700	0.5407	0.2159	15	100	False	0.6348	0.6295	0.6401	curve	Sans	Proportional
Fago	Regular	530	1.3208	0.1698	0.76	0	0.0189	0.0189	1.3773	-0.1887	0.6038	0.6491	0.93	0.6792	0.5849	0.86	700	0.5443	0.2134	5	90	False	0.6612	0.6628	0.6596	curve	Sans	Proportional
Fago	Black	530	1.3208	0.3774	0.64	0	0.0189	0.0189	1.3962	-0.1887	0.6038	0.6491	0.93	0.6792	0.5849	0.86	700	0.5193	0.185	5	200	False	0.6926	0.7338	0.6515	curve	Sans	Proportional
Fago	Bold	530	1.3208	0.0302	0.7	-2	0.0189	0.0189	1.3773	-0.1887	0.4721	0.6689	0.71	0.734	0.1083	0.15	700	0.5371	0.5461	114	24	True	0.6233	0.6187	0.6278	curve	Serif	Proportional
Fago	Extrabold	530	1.3208	0.0585	0.66	-3	0.0189	0.0189	1.3868	-0.1887	0.4216	0.6736	0.63	0.7358	0.2693	0.37	700	0.5286	0.7812	118	125	False	0.6301	0.6221	0.6382	curve	Serif	Proportional
Fago	Medium	530	1.3208	0.2151	0.73	0	0.0189	0.0189	1.3773	-0.1887	0.6038	0.6491	0.93	0.6792	0.5849	0.86	700	0.5407	0.2016	5	114	False	0.6668	0.6763	0.6574	curve	Sans	Proportional
Fago Office Serif	Bold	510	1.4118	0.2745	0.71	0	0.0196	0.0196	1.4313	-0.2804	0.6275	0.6745	0.93	0.7059	0.6078	0.86	720	0.5222	0.5	180	180	False	0.6679	0.6884	0.6473	curve	Serif	Proportional
Fago Office Serif	Regular	510	1.4118	0.1765	0.76	0	0.0196	0.0196	1.4313	-0.3049	0.6275	0.6745	0.93	0.7059	0.6078	0.86	720	0.5292	0.5	180	180	False	0.6522	0.6527	0.6517	curve	Serif	Proportional
Trajan	Bold	639	1.1768	0.1847	0.32	-7	0.0203	0.0219	1.0125	-0.0023	0.4936	0.9366	0.53	1.061	0.5211	0.49	751.5	0.5429	0.3637	5	125	False	0.5968	0.6025	0.5911	curve	Serif	Proportional
Trajan	Regular	639	1.1768	0.1252	0.34	-2	0.0203	0.0219	1.0125	-0.0023	0.339	0.9491	0.36	1.0822	0.5164	0.48	751.5	0.5549	0.3922	178	84	True	0.5882	0.6008	0.5757	curve	Serif	Proportional
Caecilia	Bold	520	1.3462	0.0038	0.79	-2	0.0231	0.0231	1.5019	-0.4038	0.6788	0.7865	0.86	1.0635	0.6837	0.64	700	0.5014	0.4467	87	77	True	0.6107	0.6163	0.6052	curve	Serif	Proportional
Caecilia	Heavy	523	1.3384	0.2677	0.75	0	0.0229	0.0229	1.499	-0.3824	0.675	0.761	0.89	1.021	0.6405	0.63	700	0.5	0.5	63	63	False	0.6366	0.6592	0.6141	curve	Serif	Proportional
Caecilia	Light	514	1.3619	0.0019	0.86	0	0.0233	0.0233	1.5116	-0.4455	0.5554	0.821	0.68	1.1479	0.4931	0.43	700	0.4971	0.3914	8	145	False	0.6129	0.622	0.6038	curve	Serif	Proportional
Caecilia	Roman	516	1.3566	0.0039	0.78	0	0.0233	0.0233	1.5058	-0.4254	0.6928	0.8023	0.86	1.1008	0.6032	0.55	700	0.4979	0.5954	125	13	True	0.6078	0.6126	0.6029	curve	Serif	Proportional
Miller	Display	452	1.5111	0.2013	0.23	0	0.0288	0.031	1.6526	-0.4779	0.6626	0.7965	0.83	1.2788	0.7644	0.6	683	0.5205	0.5	260	260	False	0.6059	0.6236	0.5883	curve	Serif	Proportional
Miller	Display Roman	452	1.5111	0.2013	0.23	0	0.0288	0.031	1.6526	-0.4779	0.6626	0.7965	0.83	1.2788	0.7644	0.6	683	0.5205	0.5	260	260	False	0.6059	0.6236	0.5883	curve	Serif	Proportional
Miller	Text	462	1.4784	0.197	0.34	0	0.0281	0.0303	1.6168	-0.4556	0.6483	0.7792	0.83	1.2511	0.7348	0.59	683	0.5212	0.5	260	260	False	0.6064	0.6243	0.5885	curve	Serif	Proportional
Miller	Text Bold	464	1.472	0.3082	0.22	-2	0.028	0.0323	1.6099	-0.4537	0.6498	0.7586	0.86	1.2026	0.7651	0.64	683	0.5205	0.5	243	243	False	0.624	0.6477	0.6003	curve	Serif	Proportional
Miller	Text Roman	462	1.4784	0.197	0.34	0	0.0281	0.0303	1.6168	-0.4556	0.6483	0.7792	0.83	1.2511	0.7348	0.59	683	0.5212	0.5	260	260	False	0.6064	0.6243	0.5885	curve	Serif	Proportional
Clarendon	Bold	468	1.4167	0.3547	0.45	0	0.0321	0.0321	1.4593	-0.3675	0.6795	0.7244	0.94	1.0876	0.844	0.78	663	0.5189	0.5	238	238	False	0.6647	0.7195	0.61	curve	Serif	Proportional
Clarendon	Light	468	1.4167	0.1816	0.49	0	0.0321	0.0321	1.4593	-0.4028	0.7244	0.8996	0.81	1.3141	0.9081	0.69	663	0.5068	0.5	260	260	False	0.6244	0.6477	0.6012	curve	Serif	Proportional
Clarendon	Roman	468	1.4167	0.2521	0.49	0	0.0321	0.0321	1.4593	-0.3825	0.6795	0.812	0.84	1.2073	0.8483	0.7	663	0.5113	0.5007	240	240	False	0.6341	0.6571	0.6111	curve	Serif	Proportional
Triplex	Bold	475	1.2947	0.2442	0.98	40	0	0.0316	1.4842	-0.2474	0.5684	0.6737	0.84	0.8126	0.5432	0.67	600	0.5083	0.5	150	150	False	0.5617	0.5667	0.5568	curve	Sans	Proportional
Triplex	Black Condensed	460	1.3043	0.25	0.92	-56	0.0217	0.0217	1.5326	-0.25	0.3511	0.3967	0.89	0.4783	0.3739	0.78	600	0.5083	0.5	88	88	False	0.6736	0.7271	0.6202	curve	Sans	Proportional
Triplex	Regular Condensed	460	1.3043	0.1522	0.89	-64	0.0217	0.0217	1.5326	-0.25	0.2935	0.337	0.87	0.387	0.2935	0.76	600	0.5042	0.5024	76	75	True	0.6583	0.6953	0.6212	curve	Sans	Proportional
Triplex	Light	470	1.2979	0.1532	0.97	0	0	0.0213	1.4894	-0.2447	0.5745	0.6809	0.84	0.8213	0.5489	0.67	600	0.5083	0.5	150	150	False	0.5746	0.5718	0.5774	curve	Sans	Proportional
Triplex	Extrabold	480	1.2917	0.2958	0.92	0	0	0.0417	1.4792	-0.25	0.5625	0.6667	0.84	0.8042	0.5375	0.67	600	0.5083	0.5	150	150	False	0.5567	0.5675	0.5459	curve	Sans	Proportional
Triplex Serif	Bold	475	1.2947	0.24	0.98	40	0	0.0316	1.4842	-0.2474	0.5684	0.6737	0.84	0.8126	0.5432	0.67	600	0.5	0.5	155	155	False	0.5617	0.5667	0.5568	curve	Serif	Proportional
Triplex Serif	Black Condensed	460	1.3043	0.2478	0.92	-56	0.0217	0.0217	1.5326	-0.3804	0.3511	0.3967	0.89	0.4783	0.3739	0.78	600	0.5083	0.5	139	139	False	0.6736	0.7271	0.6202	curve	Serif	Proportional
Triplex Serif	Regular Condensed	460	1.3043	0.1522	0.89	-64	0.0217	0.0217	1.5326	-0.413	0.2935	0.337	0.87	0.387	0.2935	0.76	600	0.5042	0.5019	96	96	False	0.6583	0.6953	0.6212	curve	Serif	Proportional
Triplex Serif	Light	470	1.2979	0.1532	0.97	0	0	0.0213	1.4894	-0.2447	0.5745	0.6809	0.84	0.8213	0.5489	0.67	600	0.5083	0.3697	113	74	True	0.5746	0.5718	0.5774	curve	Serif	Proportional
Triplex Serif	Extrabold	480	1.2917	0.2958	0.92	0	0	0.0417	1.4792	-0.25	0.5625	0.6667	0.84	0.8042	0.5375	0.67	600	0.5083	0.499	160	160	False	0.5567	0.5675	0.5459	curve	Sans	Proportional
Legacy Sans	Bold	422	1.5024	0.3057	0.54	-6	0.0261	0.0308	1.6374	-0.6019	0.705	0.8495	0.83	1.3851	0.8709	0.63	634	0.5323	0.4992	248	249	False	0.6089	0.599	0.6188	curve	Sans	Proportional
Legacy Sans	Book	422	1.5024	0.173	0.58	-10	0.0261	0.0308	1.6469	-0.3164	0.7085	0.8886	0.8	1.3815	0.7867	0.57	634	0.5237	0.4991	267	269	False	0.5746	0.5685	0.5807	curve	Sans	Proportional
Legacy Sans	Medium	422	1.5024	0.2251	0.55	-5	0.0261	0.0308	1.6421	-0.6043	0.7062	0.872	0.81	1.3839	0.8211	0.59	634	0.5268	0.4991	259	261	False	0.5799	0.574	0.5858	curve	Sans	Proportional
Legacy Sans	Ultra	422	1.5024	0.4052	0.43	-3	0.0261	0.0261	1.6421	-0.3057	0.7405	0.8436	0.88	1.327	0.8661	0.65	634	0.526	0.5	238	238	False	0.6318	0.629	0.6345	curve	Sans	Proportional
Legacy Serif	Bold	421	1.5083	0.3112	0.36	-12	0.0285	0.0285	1.6816	-0.639	0.926	0.8456	1.1	1.3705	0.4443	0.32	636	0.5189	0.6259	7	1	True	0.5963	0.5763	0.6164	curve	Serif	Proportional
Legacy Serif	Book	421	1.5107	0.1663	0.36	-22	0.0238	0.0238	1.6769	-0.6378	0.3446	0.8872	0.39	1.3848	0.8312	0.6	634	0.5213	0.4977	1	19	False	0.5745	0.5668	0.5822	curve	Serif	Proportional
Legacy Serif	Medium	422	1.5047	0.2299	0.36	-16	0.0237	0.0261	1.6753	-0.6374	0.7374	0.8673	0.85	1.3744	0.7786	0.57	635	0.5197	0.4193	2	63	False	0.5865	0.5874	0.5856	curve	Serif	Proportional
Legacy Serif	Ultra	423	1.5012	0.3877	0.34	-3	0.0213	0.026	1.669	-0.6194	0.4728	0.8357	0.57	1.3404	0.8159	0.61	635	0.5181	0.6217	179	111	True	0.6182	0.6135	0.6229	curve	Serif	Proportional
Agenda	Bold	453	1.4084	0.3201	0.87	0	0.0309	0.0309	1.5893	-0.2704	0.6402	0.7759	0.83	1.17	0.6512	0.56	638	0.5008	0.5009	193	192	True	0.5655	0.56	0.5711	curve	Sans	Proportional
Agenda	Bold Condensed	453	1.4084	0.2892	0.87	-1	0.0243	0.0243	1.5342	-0.245	0.5298	0.6269	0.85	0.9117	0.5397	0.59	638	0.5008	0.5011	151	150	True	0.5744	0.5649	0.5839	curve	Sans	Proportional
Agenda	Bold Extracondensed	453	1.4084	0.2539	0.87	1	0.0199	0.0199	1.479	-0.2208	0.4205	0.4757	0.88	0.6534	0.4283	0.66	638	0.5024	0.5014	110	109	True	0.5884	0.5719	0.6049	curve	Sans	Proportional
Agenda	Bold Ultracondensed	453	1.4084	0.2208	0.86	1	0.0132	0.0132	1.4216	-0.1943	0.3068	0.3212	0.96	0.3885	0.3146	0.81	638	0.5024	0.5021	67	66	True	0.6157	0.5942	0.6372	curve	Sans	Proportional
Agenda	Medium	453	1.4084	0.2009	0.87	0	0.0243	0.0243	1.5805	-0.2671	0.6733	0.8587	0.78	1.2759	0.6545	0.51	638	0.5024	0.5	205	205	False	0.5721	0.5677	0.5765	curve	Sans	Proportional
Agenda	Medium Condensed	453	1.4084	0.1876	0.87	1	0.0199	0.0199	1.5275	-0.2428	0.5464	0.6799	0.8	0.9801	0.5331	0.54	638	0.5024	0.5	160	160	False	0.5779	0.5678	0.5881	curve	Sans	Proportional
Agenda	Medium Extracondensed	453	1.4084	0.1722	0.86	1	0.0177	0.0177	1.4746	-0.2196	0.4183	0.4978	0.84	0.6865	0.4128	0.6	638	0.5031	0.5	115	116	False	0.5927	0.5791	0.6063	curve	Sans	Proportional
Agenda	Medium Ultracondensed	453	1.4084	0.1589	0.86	34	0.0132	0.0132	1.4216	-0.1943	0.2881	0.3124	0.92	0.3819	0.2881	0.75	638	0.5031	0.5023	69	69	False	0.6247	0.6075	0.6419	curve	Sans	Proportional
